,open,high,low,close,adjclose,volume,ticker,adjclose_15,true_adjclose_15,buy_profit,sell_profit
2010-09-22,4.173999786376953,4.190000057220459,3.9600000381469727,3.9739999771118164,3.9739999771118164,4814500,TSLA,-1.6910897,4.107999801635742,0.0,-0.13399982452392578
2010-10-01,4.138000011444092,4.150000095367432,4.061999797821045,4.119999885559082,4.119999885559082,2988500,TSLA,-2.048073,4.144000053405762,0.0,-0.024000167846679688
2010-10-05,4.230000019073486,4.25600004196167,4.202000141143799,4.223999977111816,4.223999977111816,1660000,TSLA,-2.2669086,4.271999835968018,0.0,-0.04799985885620117
2010-10-19,4.039999961853027,4.081999778747559,4.0,4.010000228881836,4.010000228881836,1226000,TSLA,-2.0689454,4.926000118255615,0.0,-0.9159998893737793
2010-10-21,4.122000217437744,4.190000057220459,4.090000152587891,4.150000095367432,4.150000095367432,2085500,TSLA,-1.9035834,5.607999801635742,0.0,-1.4579997062683105
2010-10-22,4.136000156402588,4.185999870300293,4.110000133514404,4.144000053405762,4.144000053405762,805500,TSLA,-1.8410578,5.9679999351501465,0.0,-1.8239998817443848
2010-10-26,4.159999847412109,4.374000072479248,4.1020002365112305,4.271999835968018,4.271999835968018,3304500,TSLA,-1.7087494,5.934000015258788,0.0,-1.6620001792907706
2010-11-09,5.0,5.138000011444092,4.809999942779541,4.926000118255615,4.926000118255615,4782000,TSLA,-0.9636006,6.869999885559082,0.0,-1.9439997673034668
2010-11-17,6.039999961853027,6.150000095367432,5.7220001220703125,5.8979997634887695,5.8979997634887695,3750000,TSLA,-0.20741527,6.409999847412109,0.0,-0.5120000839233398
2010-11-18,6.133999824523926,6.1479997634887695,5.783999919891357,5.978000164031982,5.978000164031982,4780500,TSLA,-0.36092156,6.303999900817871,0.0,-0.32599973678588867
2010-11-30,6.748000144958496,7.065999984741211,6.682000160217285,7.065999984741211,7.065999984741211,11113000,TSLA,0.36567417,6.452000141143799,0.0,0.6139998435974121
2010-12-22,6.449999809265137,6.572000026702881,6.340000152587891,6.526000022888184,6.526000022888184,4166500,TSLA,0.30818698,5.24399995803833,0.0,1.2820000648498535
2010-12-23,6.251999855041504,6.495999813079834,5.984000205993652,6.01800012588501,6.01800012588501,7763000,TSLA,0.44155216,5.150000095367432,0.0,0.8680000305175781
2011-01-24,4.705999851226807,4.961999893188477,4.645999908447266,4.8979997634887695,4.8979997634887695,8225500,TSLA,-1.883737,4.616000175476074,0.0,0.2819995880126953
2011-01-28,4.97599983215332,4.97599983215332,4.75,4.802000045776367,4.802000045776367,5242000,TSLA,-2.1358137,4.636000156402588,0.0,0.1659998893737793
2011-02-02,4.831999778747559,4.835999965667725,4.734000205993652,4.788000106811523,4.788000106811523,2847500,TSLA,-2.1621838,4.50600004196167,0.0,0.2820000648498535
2011-02-03,4.763999938964844,4.78000020980835,4.630000114440918,4.72599983215332,4.72599983215332,2560000,TSLA,-2.1416495,4.7220001220703125,0.0,0.0039997100830078125
2011-02-24,4.355999946594238,4.515999794006348,4.300000190734863,4.50600004196167,4.50600004196167,5276500,TSLA,-2.2407808,4.561999797821045,0.0,-0.055999755859375
2011-02-25,4.561999797821045,4.769999980926514,4.538000106811523,4.7220001220703125,4.7220001220703125,6731500,TSLA,-2.4776518,4.5920000076293945,0.0,0.13000011444091797
2011-02-28,4.748000144958496,4.820000171661377,4.699999809265137,4.7779998779296875,4.7779998779296875,5256000,TSLA,-2.6491685,4.546000003814697,0.0,0.23199987411499023
2011-03-04,4.895999908447266,4.998000144958496,4.75600004196167,4.989999771118164,4.989999771118164,7900500,TSLA,-2.6234815,4.550000190734863,0.0,0.4399995803833008
2011-03-08,4.920000076293945,4.992000102996826,4.800000190734863,4.932000160217285,4.932000160217285,6999500,TSLA,-2.1885629,4.783999919891357,0.0,0.14800024032592773
2011-03-10,4.888000011444092,4.8979997634887695,4.745999813079834,4.802000045776367,4.802000045776367,5085000,TSLA,-1.9934467,5.550000190734863,0.0,-0.7480001449584961
2011-03-11,4.769999980926514,4.849999904632568,4.705999851226807,4.814000129699707,4.814000129699707,4654000,TSLA,-1.9566445,5.331999778747559,0.0,-0.5179996490478516
2011-03-28,4.539999961853027,4.708000183105469,4.510000228881836,4.650000095367432,4.650000095367432,5290500,TSLA,-1.9702883,5.00600004196167,0.0,-0.3559999465942383
2011-04-04,5.366000175476074,5.400000095367432,5.046000003814697,5.165999889373779,5.165999889373779,13046500,TSLA,-0.33073786,5.386000156402587,0.0,-0.2200002670288077
2011-04-13,5.026000022888184,5.138000011444092,4.961999893188477,4.986000061035156,4.986000061035156,6057500,TSLA,-2.769148,5.288000106811523,0.0,-0.3020000457763672
2011-04-27,5.386000156402588,5.4720001220703125,5.326000213623047,5.415999889373779,5.415999889373779,4984500,TSLA,-1.752987,5.269999980926514,0.0,0.14599990844726562
2011-05-02,5.519999980926514,5.559999942779541,5.4120001792907715,5.489999771118164,5.489999771118164,3923000,TSLA,-1.1941901,5.363999843597412,0.0,0.12599992752075195
2011-05-11,5.639999866485596,5.659999847412109,5.383999824523926,5.414000034332275,5.414000034332275,4812500,TSLA,-0.6927458,5.751999855041504,0.0,-0.3379998207092285
2011-05-13,5.599999904632568,5.638000011444092,5.460000038146973,5.510000228881836,5.510000228881836,3307500,TSLA,-0.7096331,5.739999771118164,0.0,-0.22999954223632812
2011-05-20,5.6519999504089355,5.656000137329102,5.46999979019165,5.593999862670898,5.593999862670898,4212500,TSLA,-0.5494832,5.685999870300293,0.0,-0.09200000762939453
2011-06-07,5.788000106811523,5.877999782562256,5.6519999504089355,5.673999786376953,5.673999786376953,6110500,TSLA,-0.8155977,5.622000217437744,0.0,0.051999568939208984
2011-06-29,5.699999809265137,5.817999839782715,5.613999843597412,5.6579999923706055,5.6579999923706055,7309000,TSLA,-1.3866353,5.739999771118164,0.0,-0.0819997787475586
2011-07-14,5.705999851226807,5.791999816894531,5.449999809265137,5.521999835968018,5.521999835968018,5795000,TSLA,-0.7010415,4.949999809265137,0.0,0.5720000267028809
2011-08-15,5.323999881744385,5.349999904632568,5.185999870300293,5.245999813079834,5.245999813079834,3693000,TSLA,-1.7968099,4.5879998207092285,0.0,0.6579999923706055
2011-08-19,4.771999835968018,4.843999862670898,4.400000095367432,4.460000038146973,4.460000038146973,6876500,TSLA,-1.8481755,4.576000213623047,0.0,-0.11600017547607422
2011-08-24,4.619999885559082,4.785999774932861,4.565999984741211,4.77400016784668,4.77400016784668,3421500,TSLA,-1.8577532,4.964000225067139,0.0,-0.19000005722045898
2011-08-25,4.77400016784668,4.77400016784668,4.579999923706055,4.622000217437744,4.622000217437744,3399000,TSLA,-1.8661048,5.159999847412109,0.0,-0.5379996299743652
2011-08-26,4.541999816894531,4.789999961853027,4.414000034332275,4.745999813079834,4.745999813079834,3809000,TSLA,-1.8598017,5.1539998054504395,0.0,-0.40799999237060547
2011-08-31,4.960000038146973,5.099999904632568,4.855999946594238,4.947999954223633,4.947999954223633,4119000,TSLA,-1.6673235,5.125999927520751,0.0,-0.17799997329711825
2011-09-20,5.196000099182129,5.320000171661377,5.133999824523926,5.202000141143799,5.202000141143799,5902000,TSLA,-0.96545255,5.521999835968018,0.0,-0.31999969482421875
2011-09-28,5.199999809265137,5.300000190734863,4.9019999504089355,4.918000221252441,4.918000221252441,3616500,TSLA,-0.9212766,5.513999938964844,0.0,-0.5959997177124023
2011-10-04,4.6579999923706055,4.863999843597412,4.585999965667725,4.73199987411499,4.73199987411499,6001500,TSLA,-1.0695468,5.650000095367431,0.0,-0.9180002212524405
2011-10-11,5.501999855041504,5.553999900817871,5.418000221252441,5.521999835968018,5.521999835968018,2878500,TSLA,-1.0151924,5.776000022888184,0.0,-0.254000186920166
2011-10-12,5.449999809265137,5.599999904632568,5.440000057220459,5.559999942779541,5.559999942779541,5617000,TSLA,-0.98603815,5.742000102996826,0.0,-0.18200016021728516
2011-10-24,5.573999881744385,5.7779998779296875,5.550000190734863,5.710000038146973,5.710000038146973,4703000,TSLA,-0.63522667,6.644000053405762,0.0,-0.9340000152587891
2011-10-28,5.699999809265137,6.0,5.6020002365112305,5.973999977111816,5.973999977111816,6320000,TSLA,-0.46594018,6.519999980926514,0.0,-0.5460000038146973
2011-11-01,5.677999973297119,5.783999919891357,5.599999904632568,5.776000022888184,5.776000022888184,3176000,TSLA,-0.30226335,6.414000034332275,0.0,-0.6380000114440918
2011-11-02,5.800000190734863,5.8520002365112305,5.650000095367432,5.742000102996826,5.742000102996826,4376500,TSLA,-0.26098025,6.289999961853027,0.0,-0.5479998588562012
2011-11-04,6.291999816894531,6.480000019073486,6.1020002365112305,6.461999893188477,6.461999893188477,15164500,TSLA,0.21487786,6.51200008392334,0.0,-0.05000019073486328
2011-11-18,6.728000164031982,6.822000026702881,6.507999897003174,6.519999980926514,6.519999980926514,4514000,TSLA,0.29034683,6.081999778747559,0.0,0.4380002021789551
2011-11-22,6.3520002365112305,6.558000087738037,6.210000038146973,6.414000034332275,6.414000034332275,3663000,TSLA,0.14927208,5.705999851226807,0.0,0.7080001831054688
2011-12-02,6.565999984741211,6.73799991607666,6.480000019073486,6.659999847412109,6.659999847412109,4014000,TSLA,0.49364445,5.579999923706056,0.0,1.0799999237060538
2011-12-07,6.926000118255615,6.978000164031982,6.760000228881836,6.8379998207092285,6.8379998207092285,3371500,TSLA,0.9867863,5.745999813079834,0.0,1.0920000076293945
2011-12-14,5.900000095367432,5.935999870300293,5.599999904632568,5.705999851226807,5.705999851226807,5819500,TSLA,0.60801446,5.381999969482422,0.0,0.32399988174438477
2011-12-22,5.519999980926514,5.610000133514404,5.460000038146973,5.553999900817871,5.553999900817871,5047000,TSLA,-0.36202064,5.320000171661377,0.0,0.23399972915649414
2012-01-04,5.642000198364258,5.734000205993652,5.5,5.541999816894531,5.541999816894531,3150500,TSLA,-0.45428437,5.788000106811523,0.0,-0.2460002899169922
2012-01-10,5.48799991607666,5.552000045776367,5.449999809265137,5.52400016784668,5.52400016784668,3359000,TSLA,-0.3105099,5.915999889373779,0.0,-0.3919997215270996
2012-01-26,5.613999843597412,5.915999889373779,5.599999904632568,5.788000106811523,5.788000106811523,6355500,TSLA,-1.5177143,6.835999965667724,0.0,-1.0479998588562003
2012-01-31,5.980000019073486,6.0,5.77400016784668,5.814000129699707,5.814000129699707,4782000,TSLA,-1.1869056,6.843999862670898,0.0,-1.0299997329711914
2012-02-01,5.814000129699707,5.940000057220459,5.800000190734863,5.915999889373779,5.915999889373779,2616000,TSLA,-1.0286614,6.906000137329101,0.0,-0.9900002479553214
2012-02-22,6.900000095367432,6.943999767303467,6.5,6.843999862670898,6.843999862670898,8273000,TSLA,0.85621685,7.058000087738037,0.0,-0.21400022506713867
2012-02-27,6.682000160217285,6.800000190734863,6.599999904632568,6.723999977111816,6.723999977111816,3030000,TSLA,0.5099536,6.995999813079834,0.0,-0.2719998359680176
2012-03-07,6.624000072479248,6.6620001792907715,6.581999778747559,6.624000072479248,6.624000072479248,1824500,TSLA,0.73638576,7.570000171661377,0.0,-0.9460000991821289
2012-03-08,6.622000217437744,6.697999954223633,6.607999801635742,6.613999843597412,6.613999843597412,3166500,TSLA,0.82844156,7.466000080108643,0.0,-0.8520002365112305
2012-03-12,6.938000202178955,7.257999897003174,6.920000076293945,7.202000141143799,7.202000141143799,9816500,TSLA,1.2564847,7.315999984741211,0.0,-0.11399984359741211
2012-03-14,7.199999809265137,7.199999809265137,6.960000038146973,7.058000087738037,7.058000087738037,4257500,TSLA,1.5325642,7.0,0.0,0.05800008773803711
2012-03-20,6.995999813079834,7.039999961853027,6.914000034332275,6.992000102996826,6.992000102996826,2835000,TSLA,1.504741,6.618000030517578,0.0,0.37400007247924805
2012-03-21,6.98799991607666,7.059999942779541,6.920000076293945,7.03000020980835,7.03000020980835,3036000,TSLA,1.4748611,6.688000202178955,0.0,0.34200000762939453
2012-04-03,7.340000152587891,7.693999767303467,7.334000110626221,7.6020002365112305,7.6020002365112305,5490500,TSLA,1.7442695,6.581999778747559,0.0,1.0200004577636719
2012-04-04,7.053999900817871,7.0980000495910645,6.938000202178955,7.0,7.0,22409000,TSLA,1.9043337,6.697999954223633,0.0,0.3020000457763672
2012-04-09,6.820000171661377,6.857999801635742,6.619999885559082,6.630000114440918,6.630000114440918,8278500,TSLA,1.7048417,6.625999927520752,0.0,0.004000186920166016
2012-04-11,6.6479997634887695,6.6579999923706055,6.4019999504089355,6.618000030517578,6.618000030517578,5527500,TSLA,1.1696401,6.788000106811523,0.0,-0.1700000762939453
2012-04-12,6.754000186920166,6.895999908447266,6.584000110626221,6.688000202178955,6.688000202178955,5169500,TSLA,0.8778832,6.492000102996826,0.0,0.1960000991821289
2012-04-27,6.71999979019165,6.72599983215332,6.581999778747559,6.668000221252441,6.668000221252441,2955000,TSLA,0.47656977,5.51200008392334,0.0,1.1560001373291016
2012-05-14,6.383999824523926,6.426000118255615,6.010000228881836,6.01200008392334,6.01200008392334,6904500,TSLA,1.1332079,5.581999778747559,0.0,0.43000030517578125
2012-05-24,6.25,6.25,5.938000202178955,6.056000232696533,6.056000232696533,5378000,TSLA,-0.8279138,5.98199987411499,0.0,0.07400035858154297
2012-05-29,6.001999855041504,6.386000156402588,6.001999855041504,6.3379998207092285,6.3379998207092285,8250000,TSLA,-0.8199392,6.4180002212524405,0.0,-0.080000400543212
2012-05-30,6.216000080108643,6.283999919891357,6.047999858856201,6.081999778747559,6.081999778747559,6536000,TSLA,-0.73668295,6.75600004196167,0.0,-0.6740002632141113
2012-05-31,6.013999938964844,6.058000087738037,5.75,5.900000095367432,5.900000095367432,5593500,TSLA,-0.67962193,6.438000202178954,0.0,-0.5380001068115225
2012-06-05,5.567999839782715,5.677999973297119,5.51200008392334,5.581999778747559,5.581999778747559,3154500,TSLA,-0.7482462,6.322000026702881,0.0,-0.7400002479553223
2012-06-06,5.639999866485596,5.889999866485596,5.627999782562256,5.843999862670898,5.843999862670898,4549500,TSLA,-0.7550966,6.392000198364258,0.0,-0.5480003356933594
2012-06-14,6.035999774932861,6.130000114440918,5.723999977111816,5.877999782562256,5.877999782562256,4361000,TSLA,-0.26288137,6.197999954223634,0.0,-0.32000017166137784
2012-06-15,5.877999782562256,5.989999771118164,5.76200008392334,5.98199987411499,5.98199987411499,3234000,TSLA,-0.16472004,6.297999858856201,0.0,-0.31599998474121094
2012-06-21,6.8520002365112305,6.855999946594238,6.368000030517578,6.438000202178955,6.438000202178955,9459500,TSLA,0.74815917,6.849999904632568,0.0,-0.4119997024536133
2012-06-22,6.519999980926514,6.796000003814697,6.492000102996826,6.757999897003174,6.757999897003174,15233000,TSLA,0.9747981,7.191999912261963,0.0,-0.43400001525878906
2012-06-28,6.380000114440918,6.421999931335449,6.124000072479248,6.2820000648498535,6.2820000648498535,4570500,TSLA,0.5127699,6.357999801635742,0.0,-0.07599973678588867
2012-07-10,6.308000087738037,6.495999813079834,6.177999973297119,6.254000186920166,6.254000186920166,3792000,TSLA,-0.29779616,5.484000205993652,0.0,0.7699999809265137
2012-07-13,6.593999862670898,6.880000114440918,6.565999984741211,6.849999904632568,6.849999904632568,6524000,TSLA,0.029502673,5.453999996185303,0.0,1.3959999084472656
2012-07-19,6.544000148773193,6.630000114440918,6.4079999923706055,6.453999996185303,6.453999996185303,7179500,TSLA,0.8966339,5.881999969482422,0.0,0.5720000267028809
2012-08-06,5.510000228881836,5.739999771118164,5.510000228881836,5.6539998054504395,5.6539998054504395,7641000,TSLA,-1.386352,5.664000034332275,0.0,-0.010000228881835938
2012-08-09,5.9039998054504395,6.0,5.826000213623047,5.881999969482422,5.881999969482422,3363000,TSLA,-1.2767496,5.682000160217285,0.0,0.19999980926513672
2012-08-10,5.861999988555908,5.98799991607666,5.861999988555908,5.98799991607666,5.98799991607666,3537000,TSLA,-1.2628728,5.703999996185303,0.0,0.2839999198913574
2012-09-04,5.703999996185303,5.797999858856201,5.579999923706055,5.627999782562256,5.627999782562256,3762500,TSLA,-0.2752889,5.5320000648498535,0.0,0.09599971771240234
2012-09-12,5.579999923706055,5.716000080108643,5.559999942779541,5.656000137329102,5.656000137329102,5726000,TSLA,-0.22939582,5.860000133514405,0.0,-0.20399999618530362
2012-09-14,6.0,6.130000114440918,5.929999828338623,6.078000068664551,6.078000068664551,7683000,TSLA,-0.10810917,5.7779998779296875,0.0,0.3000001907348633
2012-09-21,6.21999979019165,6.297999858856201,5.9079999923706055,6.004000186920166,6.004000186920166,9350000,TSLA,0.08543262,5.5279998779296875,0.0,0.4760003089904785
2012-10-03,5.949999809265137,5.989999771118164,5.8480000495910645,5.860000133514404,5.860000133514404,5264000,TSLA,-1.159352,5.484000205993652,0.0,0.37599992752075195
2012-10-08,5.771999835968018,5.880000114440918,5.7220001220703125,5.849999904632568,5.849999904632568,4448500,TSLA,-1.4619145,5.625999927520752,0.0,0.2239999771118164
2012-10-16,5.533999919891357,5.618000030517578,5.4679999351501465,5.611999988555908,5.611999988555908,2396500,TSLA,-1.0344824,6.26200008392334,0.0,-0.6500000953674316
2012-10-19,5.565999984741211,5.639999866485596,5.460000038146973,5.547999858856201,5.547999858856201,5137000,TSLA,-0.7253276,6.322000026702881,0.0,-0.7740001678466797
2012-11-08,6.202000141143799,6.375999927520752,6.188000202178955,6.26200008392334,6.26200008392334,6370000,TSLA,0.38398615,6.763999938964844,0.0,-0.5019998550415039
2012-11-13,6.257999897003174,6.400000095367432,6.144000053405762,6.322000026702881,6.322000026702881,4991500,TSLA,0.115256436,6.742000102996827,0.0,-0.4200000762939462
2012-11-15,6.260000228881836,6.288000106811523,6.099999904632568,6.164000034332275,6.164000034332275,4920000,TSLA,0.057816107,6.834000110626221,0.0,-0.6700000762939453
2012-11-27,6.426000118255615,6.5320000648498535,6.303999900817871,6.429999828338623,6.429999828338623,4554000,TSLA,0.4381155,6.918000221252441,0.0,-0.48800039291381836
2012-11-28,6.400000095367432,6.857999801635742,6.381999969482422,6.645999908447266,6.645999908447266,7626000,TSLA,0.5632535,6.921999931335449,0.0,-0.2760000228881836
2012-11-29,6.688000202178955,6.800000190734863,6.573999881744385,6.73799991607666,6.73799991607666,5517000,TSLA,0.68746614,6.886000156402588,0.0,-0.14800024032592773
2012-12-06,6.763999938964844,6.960000038146973,6.699999809265137,6.78000020980835,6.78000020980835,3302000,TSLA,1.0066487,6.644000053405762,0.0,0.1360001564025879
2012-12-26,6.791999816894531,6.900000095367432,6.699999809265137,6.7179999351501465,6.7179999351501465,3007000,TSLA,0.79937404,6.875999927520753,0.0,-0.15799999237060636
2013-01-11,6.808000087738037,6.808000087738037,6.421999931335449,6.581999778747559,6.581999778747559,7816000,TSLA,1.3897494,7.547999858856201,0.0,-0.9660000801086426
2013-01-14,6.616000175476074,6.676000118255615,6.570000171661377,6.6519999504089355,6.6519999504089355,4625500,TSLA,1.3849521,7.625999927520752,0.0,-0.9739999771118164
2013-01-16,6.769999980926514,6.8460001945495605,6.745999813079834,6.820000171661377,6.820000171661377,6891000,TSLA,1.3997486,7.895999908447266,0.0,-1.0759997367858887
2013-01-22,6.9120001792907715,7.110000133514404,6.8520002365112305,7.038000106811523,7.038000106811523,9601000,TSLA,1.5433277,7.578000068664551,0.0,-0.5399999618530273
2013-02-01,7.633999824523926,7.699999809265137,7.52400016784668,7.659999847412109,7.659999847412109,5503000,TSLA,1.1320494,6.875999927520753,0.0,0.7839999198913565
2013-02-04,7.679999828338623,7.684000015258789,7.51800012588501,7.547999858856201,7.547999858856201,5640000,TSLA,1.1733052,6.886000156402588,0.0,0.6619997024536133
2013-02-05,7.599999904632568,7.730000019073486,7.535999774932861,7.625999927520752,7.625999927520752,6551000,TSLA,1.2604778,7.019999980926514,0.0,0.6059999465942383
2013-02-08,7.889999866485596,8.0,7.828000068664551,7.8480000495910645,7.8480000495910645,5699000,TSLA,1.6769911,7.116000175476075,0.0,0.7319998741149893
2013-02-19,7.4720001220703125,7.857999801635742,7.461999893188477,7.855999946594238,7.855999946594238,13507000,TSLA,1.8682673,7.823999881744385,0.0,0.032000064849853516
2013-03-04,6.953999996185303,7.165999889373779,6.940000057220459,7.116000175476074,7.116000175476074,8788500,TSLA,-0.4954121,7.50600004196167,0.0,-0.3899998664855957
2013-03-12,7.78000020980835,7.875999927520752,7.769999980926514,7.823999881744385,7.823999881744385,6375500,TSLA,0.07453088,8.220000267028809,0.0,-0.39600038528442383
2013-04-01,8.472000122070312,9.336000442504883,8.34000015258789,8.78600025177002,8.78600025177002,70492500,TSLA,2.3870823,10.038000106811523,0.0,-1.251999855041504
2013-04-05,8.399999618530273,8.399999618530273,8.100000381469727,8.27400016784668,8.27400016784668,7762000,TSLA,2.1643577,10.239999771118164,0.0,-1.9659996032714844
2013-04-10,8.140000343322754,8.402000427246094,8.121999740600586,8.371999740600586,8.371999740600586,10605500,TSLA,0.28619042,10.656000137329102,0.0,-2.2840003967285156
2013-04-11,8.411999702453613,8.90999984741211,8.350000381469727,8.718000411987305,8.718000411987305,17237000,TSLA,0.17780831,10.821999549865723,0.0,-2.103999137878418
2013-04-16,8.838000297546387,9.227999687194824,8.781999588012695,9.118000030517578,9.118000030517578,15902000,TSLA,0.5671883,11.10200023651123,0.0,-1.9840002059936523
2013-04-26,10.62600040435791,10.748000144958496,10.12399959564209,10.239999771118164,10.239999771118164,18110500,TSLA,3.0673852,18.299999237060547,0.0,-8.059999465942383
2013-04-29,10.35200023651123,10.998000144958496,10.239999771118164,10.98799991607666,10.98799991607666,18198500,TSLA,3.3000844,17.988000869750977,0.0,-7.000000953674316
2013-05-13,16.197999954223633,17.600000381469727,15.829999923706055,17.559999465942383,17.559999465942383,112084500,TSLA,10.191068,18.968000411987305,0.0,-1.4080009460449219
2013-05-14,18.8439998626709,19.423999786376953,16.229999542236328,16.648000717163086,16.648000717163086,185819500,TSLA,11.782203,19.073999404907227,0.0,-2.4259986877441406
2013-05-16,18.940000534057617,19.0,17.73200035095215,18.450000762939453,18.450000762939453,108070000,TSLA,9.782828,20.40800094604492,0.0,-1.9580001831054652
2013-05-29,22.709999084472656,22.979999542236328,19.799999237060547,20.926000595092773,20.926000595092773,125497500,TSLA,0.8366207,20.93600082397461,0.0,-0.010000228881835938
2013-06-03,19.52400016784668,19.52400016784668,17.649999618530273,18.51799964904785,18.51799964904785,95698000,TSLA,3.205109,20.298000335693363,0.0,-1.7800006866455114
2013-06-04,18.549999237060547,19.284000396728516,18.479999542236328,18.968000411987305,18.968000411987305,44280500,TSLA,2.5559392,20.479999542236328,0.0,-1.5119991302490234
2013-06-06,19.049999237060547,19.854000091552734,19.02199935913086,19.469999313354492,19.469999313354492,47554500,TSLA,1.1145041,21.850000381469727,0.0,-2.3800010681152344
2013-06-12,19.360000610351562,20.09600067138672,19.149999618530273,19.54599952697754,19.54599952697754,45963500,TSLA,1.1793295,23.04800033569336,0.0,-3.5020008087158203
2013-06-19,20.41200065612793,21.333999633789062,20.402000427246094,20.93600082397461,20.93600082397461,42894500,TSLA,5.7344384,25.12199974060059,0.0,-4.18599891662598
2013-06-21,20.739999771118164,20.739999771118164,19.5,19.90999984741211,19.90999984741211,58593000,TSLA,8.326618,25.45199966430664,0.0,-5.541999816894531
2013-06-27,21.350000381469727,22.049999237060547,21.22599983215332,21.850000381469727,21.850000381469727,43724500,TSLA,9.987376,23.93600082397461,0.0,-2.086000442504883
2013-07-03,23.600000381469727,23.850000381469727,22.854000091552734,23.04800033569336,23.04800033569336,24033500,TSLA,12.817721,24.81399917602539,0.0,-1.7659988403320312
2013-07-08,24.27400016784668,24.43600082397461,23.763999938964844,24.32200050354004,24.32200050354004,39071000,TSLA,13.765221,26.92399978637695,0.0,-2.6019992828369105
2013-07-30,26.959999084472656,27.49799919128418,25.63599967956543,26.347999572753906,26.347999572753906,65635000,TSLA,12.75342,29.916000366210938,0.0,-3.5680007934570312
2013-07-31,26.513999938964844,26.993999481201172,26.290000915527344,26.856000900268555,26.856000900268555,31758500,TSLA,13.560326,29.57200050354004,0.0,-2.7159996032714844
2013-08-14,28.54400062561035,28.968000411987305,27.610000610351562,27.871999740600586,27.871999740600586,58469000,TSLA,21.265629,33.986000061035156,0.0,-6.11400032043457
2013-08-15,27.285999298095703,28.719999313354492,27.0,27.93400001525879,27.93400001525879,50896000,TSLA,20.216421,33.39400100708008,0.0,-5.460000991821289
2013-08-20,29.729999542236328,29.95599937438965,29.399999618530273,29.916000366210938,29.916000366210938,32091000,TSLA,17.708334,32.70399856567383,0.0,-2.7879981994628906
2013-08-21,30.0,30.062000274658203,29.25,29.57200050354004,29.57200050354004,31331500,TSLA,17.55685,32.986000061035156,0.0,-3.413999557495117
2013-08-26,33.029998779296875,34.599998474121094,32.04999923706055,32.84400177001953,32.84400177001953,120855500,TSLA,21.745995,33.24599838256836,0.0,-0.4019966125488281
2013-08-28,33.8120002746582,34.29999923706055,32.650001525878906,33.290000915527344,33.290000915527344,73700500,TSLA,24.796333,35.58399963378906,0.0,-2.2939987182617188
2013-09-05,34.02000045776367,34.29999923706055,33.650001525878906,33.986000061035156,33.986000061035156,33426500,TSLA,23.665464,37.72800064086914,0.0,-3.7420005798339844
2013-09-06,33.7140007019043,33.939998626708984,33.029998779296875,33.39400100708008,33.39400100708008,43098500,TSLA,23.32459,38.18000030517578,0.0,-4.785999298095703
2013-09-10,32.290000915527344,33.5,32.125999450683594,33.27399826049805,33.27399826049805,44839000,TSLA,23.496502,38.599998474121094,0.0,-5.326000213623047
2013-09-12,32.79999923706055,33.35200119018555,32.10200119018555,32.986000061035156,32.986000061035156,30800000,TSLA,23.106802,34.6619987487793,0.0,-1.6759986877441406
2013-09-20,35.779998779296875,37.16600036621094,35.71200180053711,36.678001403808594,36.678001403808594,67008500,TSLA,27.55351,35.7400016784668,0.0,0.9379997253417969
2013-09-26,37.34000015258789,37.93600082397461,37.12200164794922,37.72800064086914,37.72800064086914,33072000,TSLA,30.295702,36.560001373291016,0.0,1.167999267578125
2013-10-02,37.71799850463867,38.36600112915039,35.08000183105469,36.189998626708984,36.189998626708984,103877000,TSLA,33.371895,32.900001525878906,0.0,3.289997100830078
2013-10-04,35.279998779296875,36.236000061035156,34.529998779296875,36.19599914550781,36.19599914550781,72070000,TSLA,34.939972,33.93199920654297,0.0,2.2639999389648438
2013-10-22,34.099998474121094,35.555999755859375,33.22200012207031,34.30799865722656,34.30799865722656,56933500,TSLA,27.69045,27.559999465942383,0.0,6.74799919128418
2013-10-23,33.78200149536133,34.36199951171875,32.029998779296875,32.900001525878906,32.900001525878906,66602000,TSLA,28.248507,27.739999771118164,0.0,5.160001754760742
2013-10-24,33.0,34.900001525878906,32.566001892089844,34.630001068115234,34.630001068115234,54128500,TSLA,28.48169,27.520000457763672,0.0,7.1100006103515625
2013-11-05,36.0,36.2859992980957,34.27199935913086,35.36199951171875,35.36199951171875,112335500,TSLA,27.359358,24.100000381469727,0.0,11.261999130249023
2013-11-07,28.83799934387207,29.1299991607666,27.52400016784668,27.95400047302246,27.95400047302246,111423500,TSLA,29.014828,25.45599937438965,-2.4980010986328125,0.0
2013-11-18,27.054000854492188,27.09000015258789,23.922000885009766,24.31599998474121,24.31599998474121,115691000,TSLA,14.107397,28.437999725341797,0.0,-4.121999740600586
2013-11-20,25.215999603271484,25.489999771118164,23.812000274658203,24.222000122070312,24.222000122070312,69248000,TSLA,12.501916,29.493999481201172,0.0,-5.271999359130859
2013-12-18,30.447999954223633,30.979999542236328,29.190000534057617,29.59600067138672,29.59600067138672,57909500,TSLA,18.642927,29.143999099731445,0.0,0.45200157165527344
2013-12-20,28.31599998474121,28.8700008392334,28.31599998474121,28.648000717163086,28.648000717163086,37063000,TSLA,19.912897,32.25400161743164,0.0,-3.6060009002685547
2013-12-24,30.0,30.993999481201172,29.964000701904297,30.281999588012695,30.281999588012695,49707500,TSLA,20.072283,34.194000244140625,0.0,-3.9120006561279297
2013-12-26,31.007999420166016,31.600000381469727,30.857999801635742,31.100000381469727,31.100000381469727,35647500,TSLA,20.42892,34.00199890136719,0.0,-2.901998519897461
2014-02-03,36.577999114990234,36.97600173950195,35.03200149536133,35.422000885009766,35.422000885009766,33824500,TSLA,28.336748,49.599998474121094,0.0,-14.177997589111328
2014-02-04,36.13999938964844,36.31999969482422,35.2400016784668,35.74599838256836,35.74599838256836,23431500,TSLA,28.838305,50.599998474121094,0.0,-14.854000091552734
2014-02-11,39.79399871826172,40.439998626708984,38.540000915527344,39.32400131225586,39.32400131225586,53549500,TSLA,33.33615,50.53200149536133,0.0,-11.208000183105469
2014-02-14,39.619998931884766,40.375999450683594,39.400001525878906,39.645999908447266,39.645999908447266,30790000,TSLA,34.899757,47.768001556396484,0.0,-8.122001647949219
2014-03-06,50.827999114990234,51.5,49.88999938964844,50.5880012512207,50.5880012512207,36805500,TSLA,41.494602,41.4640007019043,0.0,9.124000549316406
2014-03-19,48.27799987792969,48.310001373291016,46.70199966430664,47.167999267578125,47.167999267578125,25356500,TSLA,43.318203,43.38600158691406,0.0,3.7819976806640625
2014-04-07,41.1619987487793,43.2400016784668,40.70199966430664,41.50400161743164,41.50400161743164,49277500,TSLA,42.57854,41.38399887084961,-0.12000274658203125,0.0
2014-04-10,43.36399841308594,43.5,40.757999420166016,40.8380012512207,40.8380012512207,36057500,TSLA,40.24746,42.18199920654297,0.0,-1.3439979553222656
2014-04-24,42.1619987487793,42.560001373291016,40.63999938964844,41.571998596191406,41.571998596191406,27476000,TSLA,37.40789,37.71799850463867,0.0,3.8540000915527344
2014-04-29,39.641998291015625,41.43000030517578,39.10599899291992,41.38399887084961,41.38399887084961,28895500,TSLA,37.578865,39.060001373291016,0.0,2.3239974975585938
2014-04-30,40.720001220703125,41.63199996948242,40.25600051879883,41.577999114990234,41.577999114990234,22203000,TSLA,37.559334,39.88999938964844,0.0,1.6879997253417969
2014-05-12,36.77399826049805,37.4379997253418,35.97600173950195,36.933998107910156,36.933998107910156,35011500,TSLA,39.667645,40.98799896240234,4.05400085449218,0.0
2014-05-20,39.38800048828125,39.86600112915039,38.61399841308594,39.060001373291016,39.060001373291016,27730500,TSLA,34.24815,40.89400100708008,0.0,-1.8339996337890625
2014-05-30,42.060001373291016,42.959999084472656,41.40399932861328,41.55400085449219,41.55400085449219,27905500,TSLA,39.38857,45.917999267578125,0.0,-4.3639984130859375
2014-06-03,40.698001861572266,41.599998474121094,40.518001556396484,40.987998962402344,40.987998962402344,19304000,TSLA,40.37953,46.5,0.0,-5.512001037597656
2014-06-19,45.7760009765625,47.0620002746582,45.400001525878906,45.55799865722656,45.55799865722656,43965500,TSLA,45.984623,43.625999450683594,-1.9319992065429688,0.0
2014-06-23,45.902000427246094,47.79800033569336,45.64400100708008,47.444000244140625,47.444000244140625,38955500,TSLA,46.11231,43.91600036621094,0.0,3.5279998779296875
2014-07-01,48.492000579833984,48.6879997253418,47.7400016784668,47.944000244140625,47.944000244140625,21680500,TSLA,46.584724,44.49800109863281,0.0,3.4459991455078125
2014-07-10,43.43600082397461,44.444000244140625,43.20800018310547,43.891998291015625,43.891998291015625,24319500,TSLA,45.944798,44.65999984741212,0.7680015563964915,0.0
2014-07-11,44.12200164794922,44.31999969482422,43.52000045776367,43.625999450683594,43.625999450683594,16511500,TSLA,45.340134,46.65399932861328,3.0279998779296875,0.0
2014-07-15,45.34600067138672,45.529998779296875,43.619998931884766,43.91600036621094,43.91600036621094,28592500,TSLA,45.11911,47.698001861572266,3.782001495361328,0.0
2014-07-17,43.231998443603516,44.11000061035156,42.720001220703125,43.08000183105469,43.08000183105469,23247000,TSLA,44.755184,50.47800064086914,7.397998809814453,0.0
2014-07-30,44.38399887084961,45.91999816894531,44.20800018310547,45.784000396728516,45.784000396728516,24639000,TSLA,46.50093,51.141998291015625,5.357997894287109,0.0
2014-08-11,51.09600067138672,52.74800109863281,51.0,51.86399841308594,51.86399841308594,40506500,TSLA,50.67911,56.82400131225586,0.0,-4.960002899169922
2014-08-13,52.402000427246094,53.12799835205078,51.922000885009766,52.0620002746582,52.0620002746582,34663000,TSLA,51.69154,57.20800018310547,0.0,-5.145999908447266
2014-08-14,52.49800109863281,52.599998474121094,51.29999923706055,52.2760009765625,52.2760009765625,20633000,TSLA,51.997913,55.47800064086913,0.0,-3.2019996643066335
2014-08-15,52.29600143432617,52.417999267578125,51.70000076293945,52.402000427246094,52.402000427246094,19339500,TSLA,52.205563,56.422000885009766,0.0,-4.020000457763672
2014-08-27,52.70000076293945,52.847999572753906,52.05799865722656,52.650001525878906,52.650001525878906,14925500,TSLA,54.20523,52.763999938964844,0.1139984130859375,0.0
2014-09-08,55.52399826049805,56.97600173950195,55.50400161743164,56.422000885009766,56.422000885009766,27508000,TSLA,60.815105,49.051998138427734,-7.370002746582031,0.0
2014-09-15,54.874000549316406,54.880001068115234,49.82600021362305,50.77199935913086,50.77199935913086,82277000,TSLA,59.65893,52.124000549316406,1.3520011901855469,0.0
2014-09-17,52.481998443603516,52.939998626708984,51.900001525878906,52.2760009765625,52.2760009765625,25888500,TSLA,58.565792,51.85599899291993,-0.420001983642571,0.0
2014-10-10,48.928001403808594,49.178001403808594,47.040000915527344,47.38199996948242,47.38199996948242,64441500,TSLA,53.809875,48.34000015258789,0.9580001831054688,0.0
2014-10-17,46.67599868774414,46.95399856567383,45.310001373291016,45.49599838256836,45.49599838256836,52747000,TSLA,48.65947,48.040000915527344,2.5440025329589844,0.0
2014-10-20,45.34400177001953,46.47999954223633,45.10200119018555,46.09400177001953,46.09400177001953,17472000,TSLA,47.302193,48.38600158691406,2.2919998168945312,0.0
2014-10-27,46.849998474121094,46.922000885009766,44.0620002746582,44.33399963378906,44.33399963378906,47766500,TSLA,45.45524,50.79600143432617,6.462001800537109,0.0
2014-11-03,48.599998474121094,49.512001037597656,48.263999938964844,48.518001556396484,48.518001556396484,21019000,TSLA,47.67394,49.34400177001953,0.0,-0.8260002136230469
2014-11-07,48.4379997253418,48.56800079345703,47.439998626708984,48.040000915527344,48.040000915527344,25805000,TSLA,50.00635,46.327999114990234,-1.7120018005371094,0.0
2014-11-11,48.5099983215332,50.36399841308594,48.400001525878906,50.215999603271484,50.215999603271484,39744000,TSLA,49.942497,45.86000061035157,0.0,4.355998992919915
2014-11-18,51.172000885009766,51.99800109863281,51.10200119018555,51.540000915527344,51.540000915527344,22365000,TSLA,50.764057,41.96799850463867,0.0,9.572002410888672
2014-11-24,49.040000915527344,49.52000045776367,48.12799835205078,49.34400177001953,49.34400177001953,23948500,TSLA,51.493015,39.5620002746582,-9.782001495361328,0.0
2014-11-28,49.06999969482422,49.3380012512207,48.50400161743164,48.90399932861328,48.90399932861328,10598500,TSLA,50.839935,43.85800170898437,-5.045997619628913,0.0
2014-12-08,44.30799865722656,44.97200012207031,42.46799850463867,42.87200164794922,42.87200164794922,46128000,TSLA,49.219357,44.44599914550781,1.5739974975585938,0.0
2014-12-11,42.10599899291992,43.08599853515625,41.645999908447266,41.7760009765625,41.7760009765625,33472000,TSLA,46.77611,42.018001556396484,0.24200057983398438,0.0
2014-12-23,44.762001037597656,44.86399841308594,43.90399932861328,44.194000244140625,44.194000244140625,22528500,TSLA,41.36351,38.37400054931641,0.0,5.819999694824212
2014-12-31,44.61800003051758,45.13600158691406,44.45000076293945,44.481998443603516,44.481998443603516,11487500,TSLA,43.15479,40.257999420166016,0.0,4.2239990234375
2015-01-02,44.57400131225586,44.650001525878906,42.652000427246094,43.86199951171875,43.86199951171875,23822000,TSLA,43.865345,41.310001373291016,-2.5519981384277344,0.0
2015-01-06,42.012001037597656,42.84000015258789,40.84199905395508,42.25600051879883,42.25600051879883,31309500,TSLA,44.858673,39.874000549316406,-2.381999969482422,0.0
2015-01-08,42.5620002746582,42.7599983215332,42.00199890136719,42.124000549316406,42.124000549316406,17212500,TSLA,44.786247,40.720001220703125,-1.4039993286132812,0.0
2015-01-09,41.784000396728516,41.99599838256836,40.992000579833984,41.332000732421875,41.332000732421875,23341500,TSLA,44.606987,42.187999725341804,0.855998992919929,0.0
2015-01-12,40.61000061035156,40.89400100708008,39.849998474121094,40.44200134277344,40.44200134277344,29751500,TSLA,44.369797,43.672000885009766,3.229999542236328,0.0
2015-01-13,40.66400146484375,41.52199935913086,40.18199920654297,40.849998474121094,40.849998474121094,22386500,TSLA,44.005165,43.70999908447265,2.8600006103515554,0.0
2015-01-14,37.16600036621094,39.040000915527344,37.0,38.53799819946289,38.53799819946289,57759500,TSLA,43.788662,44.19800186157227,5.660003662109382,0.0
2015-02-04,43.65800094604492,44.29600143432617,43.36000061035156,43.709999084472656,43.709999084472656,16527000,TSLA,42.381393,41.43799972534179,0.0,2.2719993591308665
2015-02-18,40.83399963378906,41.23400115966797,40.52000045776367,40.891998291015625,40.891998291015625,13568000,TSLA,43.746655,38.74800109863281,-2.1439971923828125,0.0
2015-02-19,41.0,42.487998962402344,40.75,42.34199905395508,42.34199905395508,25770500,TSLA,42.72795,38.2140007019043,-4.127998352050781,0.0
2015-02-23,43.13199996948242,43.63999938964844,41.26599884033203,41.46799850463867,41.46799850463867,42499000,TSLA,42.102047,39.13999938964844,-2.3279991149902344,0.0
2015-03-03,39.36199951171875,40.04800033569336,39.06399917602539,39.9119987487793,39.9119987487793,22161500,TSLA,40.427494,40.34400177001953,0.4320030212402344,0.0
2015-03-18,38.992000579833984,40.17599868774414,38.62200164794922,40.141998291015625,40.141998291015625,24104500,TSLA,37.89538,42.018001556396484,0.0,-1.8760032653808594
2015-03-20,39.4900016784668,39.79800033569336,39.124000549316406,39.61600112915039,39.61600112915039,21347500,TSLA,38.498447,41.95600128173829,0.0,-2.3400001525878977
2015-03-27,37.81399917602539,37.858001708984375,36.279998779296875,37.0,37.0,43024500,TSLA,38.871693,41.05400085449219,4.0540008544921875,0.0
2015-03-31,38.70600128173828,38.75199890136719,37.68199920654297,37.75400161743164,37.75400161743164,25133000,TSLA,38.91241,43.88800048828125,6.133998870849609,0.0
2015-04-01,37.7400016784668,38.459999084472656,37.209999084472656,37.518001556396484,37.518001556396484,18973000,TSLA,38.40137,43.720001220703125,6.201999664306641,0.0
2015-04-07,40.50199890136719,41.012001037597656,40.22800064086914,40.650001525878906,40.650001525878906,21739500,TSLA,38.44262,46.09600067138672,0.0,-5.4459991455078125
2015-04-15,41.492000579833984,41.917999267578125,41.31999969482422,41.566001892089844,41.566001892089844,9762000,TSLA,39.710884,46.08599853515625,0.0,-4.519996643066406
2015-04-20,41.35599899291992,41.56999969482422,40.77000045776367,41.05400085449219,41.05400085449219,12796500,TSLA,40.562366,47.89799880981445,0.0,-6.843997955322266
2015-04-21,41.15999984741211,42.150001525878906,40.86199951171875,41.88199996948242,41.88199996948242,17162500,TSLA,41.087883,48.948001861572266,0.0,-7.066001892089844
2015-05-06,46.81999969482422,46.89400100708008,45.63999938964844,46.08599853515625,46.08599853515625,26354500,TSLA,47.824665,50.290000915527344,4.204002380371094,0.0
2015-05-07,44.20000076293945,47.49599838256836,44.04999923706055,47.36000061035156,47.36000061035156,47279500,TSLA,48.21593,50.15999984741211,2.799999237060547,0.0
2015-05-18,49.400001525878906,49.97999954223633,49.20000076293945,49.75,49.75,16766000,TSLA,49.68453,51.20000076293945,0.0,-1.4500007629394531
2015-06-02,49.784000396728516,49.880001068115234,49.2599983215332,49.66999816894531,49.66999816894531,10674000,TSLA,53.33279,53.534000396728516,3.864002227783203,0.0
2015-06-04,49.5,49.86000061035156,49.141998291015625,49.183998107910156,49.183998107910156,12268000,TSLA,53.621216,53.75799942016601,4.574001312255852,0.0
2015-06-15,49.939998626708984,50.25600051879883,49.20199966430664,50.07600021362305,50.07600021362305,10931000,TSLA,55.088634,53.576000213623054,3.500000000000007,0.0
2015-06-23,52.06399917602539,53.599998474121094,51.7140007019043,53.534000396728516,53.534000396728516,19354000,TSLA,57.282394,52.627998352050774,-0.9060020446777415,0.0
2015-06-25,53.290000915527344,54.28200149536133,53.04999923706055,53.757999420166016,53.757999420166016,14246000,TSLA,57.89995,54.93199920654297,1.1739997863769531,0.0
2015-06-29,52.38999938964844,53.189998626708984,52.13999938964844,52.40399932861328,52.40399932861328,17394500,TSLA,58.450333,53.354000091552734,0.9500007629394531,0.0
2015-07-06,55.7760009765625,56.3380012512207,55.2599983215332,55.944000244140625,55.944000244140625,20609500,TSLA,59.97241,50.60200119018555,-5.341999053955078,0.0
2015-07-10,52.444000244140625,52.599998474121094,51.56399917602539,51.83000183105469,51.83000183105469,13054500,TSLA,59.129654,53.22999954223633,1.3999977111816406,0.0
2015-07-14,52.41999816894531,53.198001861572266,52.10200119018555,53.130001068115234,53.130001068115234,9538000,TSLA,57.761604,53.256000518798835,0.12599945068360086,0.0
2015-08-03,53.257999420166016,53.34199905395508,51.41400146484375,51.99800109863281,51.99800109863281,12767500,TSLA,57.838554,43.77399826049805,-8.224002838134766,0.0
2015-08-05,52.715999603271484,54.20000076293945,52.08000183105469,54.0260009765625,54.0260009765625,31071500,TSLA,58.154617,44.96799850463867,-9.058002471923828,0.0
2015-09-01,48.06800079345703,49.20000076293945,47.39400100708008,47.72600173950195,47.72600173950195,27274000,TSLA,49.390984,52.21200180053711,4.486000061035156,0.0
2015-09-04,48.178001403808594,48.81800079345703,47.63999938964844,48.38600158691406,48.38600158691406,18446000,TSLA,49.794415,49.68600082397461,1.2999992370605469,0.0
2015-09-16,50.608001708984375,52.57600021362305,50.57600021362305,52.45000076293945,52.45000076293945,22085500,TSLA,52.7723,46.39199829101563,-6.058002471923821,0.0
2015-09-21,52.79600143432617,54.31399917602539,51.15999984741211,52.84000015258789,52.84000015258789,30601000,TSLA,55.447906,43.11600112915039,-9.7239990234375,0.0
2015-09-23,52.38999938964844,52.41600036621094,51.51599884033203,52.21200180053711,52.21200180053711,13004000,TSLA,56.35388,43.375999450683594,-8.836002349853516,0.0
2015-10-05,49.768001556396484,49.96799850463867,48.82600021362305,49.22999954223633,49.22999954223633,18449500,TSLA,54.607647,43.051998138427734,-6.178001403808594,0.0
2015-10-13,42.65599822998047,44.50400161743164,42.22600173950195,43.849998474121094,43.849998474121094,25857500,TSLA,49.431057,41.66999816894531,-2.1800003051757812,0.0
2015-10-14,44.13399887084961,44.189998626708984,43.08599853515625,43.375999450683594,43.375999450683594,15522000,TSLA,48.19269,46.32600021362305,2.950000762939453,0.0
2015-10-27,42.96799850463867,43.41999816894531,41.50199890136719,42.06999969482422,42.06999969482422,17597000,TSLA,44.06732,42.79999923706055,0.7299995422363281,0.0
2015-11-04,45.400001525878906,46.54800033569336,45.040000915527344,46.32600021362305,46.32600021362305,63632000,TSLA,44.863518,45.928001403808594,0.0,0.3979988098144531
2015-11-10,44.69599914550781,44.7400016784668,43.215999603271484,43.29999923706055,43.29999923706055,23085000,TSLA,46.17972,46.39799880981445,3.0979995727539062,0.0
2015-11-11,43.55400085449219,43.895999908447266,42.72600173950195,43.816001892089844,43.816001892089844,16739000,TSLA,45.928856,46.541999816894524,2.7259979248046804,0.0
2015-11-20,44.698001861572266,45.0,42.715999603271484,44.00199890136719,44.00199890136719,22003500,TSLA,44.815334,43.715999603271484,-0.2859992980957031,0.0
2015-11-24,43.07400131225586,44.20000076293945,43.0,43.650001525878906,43.650001525878906,12401500,TSLA,45.407845,46.90200042724609,3.2519989013671804,0.0
2015-11-25,44.268001556396484,46.16600036621094,44.07600021362305,45.928001403808594,45.928001403808594,19954000,TSLA,45.89884,46.678001403808594,0.0,-0.75
2015-12-01,46.21200180053711,47.599998474121094,46.209999084472656,47.4379997253418,47.4379997253418,18670000,TSLA,47.771416,45.99000167846679,-1.447998046875007,0.0
2015-12-09,45.34000015258789,45.5,44.14400100708008,44.90399932861328,44.90399932861328,15289000,TSLA,49.787468,48.00199890136719,3.0979995727539062,0.0
2015-12-16,44.41999816894531,46.97600173950195,44.145999908447266,46.902000427246094,46.902000427246094,25521500,TSLA,48.780174,42.20000076293945,-4.701999664306641,0.0
2015-12-17,46.78799819946289,47.551998138427734,45.96200180053711,46.678001403808594,46.678001403808594,16493000,TSLA,48.98047,41.56999969482422,-5.108001708984375,0.0
2015-12-30,47.31999969482422,48.72600173950195,47.13399887084961,47.61800003051758,47.61800003051758,18489500,TSLA,50.338654,40.5099983215332,-7.108001708984375,0.0
2016-01-12,42.31999969482422,42.74800109863281,41.0620002746582,41.99399948120117,41.99399948120117,15459500,TSLA,47.83201,34.69599914550781,-7.298000335693359,0.0
2016-02-03,36.71799850463867,36.78799819946289,34.0359992980957,34.69599914550781,34.69599914550781,39657000,TSLA,39.296722,37.486000061035156,2.7900009155273438,0.0
2016-02-11,30.399999618530273,32.652000427246094,29.399999618530273,30.0939998626709,30.0939998626709,71262000,TSLA,32.764675,40.20800018310547,10.11400032043457,0.0
2016-02-16,31.739999771118164,32.59000015258789,30.82200050354004,31.034000396728516,31.034000396728516,27969000,TSLA,29.645922,40.52000045776367,0.0,-9.486000061035156
2016-02-19,32.731998443603516,33.49800109863281,32.5,33.316001892089844,33.316001892089844,14797000,TSLA,26.764006,41.5,0.0,-8.183998107910156
2016-02-26,37.7400016784668,38.400001525878906,37.0,38.06800079345703,38.06800079345703,30325500,TSLA,30.398308,46.54800033569336,0.0,-8.479999542236328
2016-03-02,36.74599838256836,37.70399856567383,36.29999923706055,37.667999267578125,37.667999267578125,24312000,TSLA,33.758263,44.51599884033203,0.0,-6.847999572753906
2016-03-15,42.854000091552734,43.79399871826172,42.29999923706055,43.667999267578125,43.667999267578125,15902500,TSLA,40.63548,53.08399963378906,0.0,-9.416000366210938
2016-04-04,49.82400131225586,50.42399978637695,48.72800064086914,49.39799880981445,49.39799880981445,67376500,TSLA,50.86703,50.36399841308594,0.9659996032714844,0.0
2016-04-15,50.262001037597656,50.91999816894531,49.82400131225586,50.902000427246094,50.902000427246094,18762000,TSLA,49.123528,42.986000061035156,0.0,7.9160003662109375
2016-04-19,50.624000549316406,50.874000549316406,48.25,49.4739990234375,49.4739990234375,31787500,TSLA,49.269203,41.73799896240235,0.0,7.736000061035149
2016-04-21,49.79800033569336,50.18000030517578,49.38199996948242,49.65800094604492,49.65800094604492,13915500,TSLA,49.74025,41.45600128173829,-8.201999664306634,0.0
2016-05-02,48.29999923706055,48.63800048828125,46.9640007019043,48.36000061035156,48.36000061035156,19219500,TSLA,52.344086,43.24399948120117,-5.116001129150391,0.0
2016-05-03,47.47200012207031,47.78200149536133,46.32400131225586,46.4640007019043,46.4640007019043,21511000,TSLA,52.287617,43.582000732421875,-2.881999969482422,0.0
2016-05-10,41.5099983215332,41.89400100708008,41.0,41.737998962402344,41.737998962402344,20353000,TSLA,48.038883,43.9119987487793,2.173999786376953,0.0
2016-05-12,42.28799819946289,42.33399963378906,40.731998443603516,41.45600128173828,41.45600128173828,18252500,TSLA,45.138157,43.79800033569336,2.341999053955078,0.0
2016-05-17,41.810001373291016,41.9640007019043,40.80400085449219,40.93199920654297,40.93199920654297,14218000,TSLA,42.389652,47.104000091552734,6.172000885009766,0.0
2016-05-19,42.7239990234375,43.358001708984375,41.459999084472656,43.04199981689453,43.04199981689453,34331500,TSLA,42.591778,43.757999420166016,0.0,-0.7159996032714844
2016-05-20,43.39799880981445,44.11000061035156,43.27000045776367,44.055999755859375,44.055999755859375,45035500,TSLA,43.31051,43.57400131225586,0.0,0.4819984436035156
2016-05-23,43.9739990234375,44.52000045776367,43.172000885009766,43.24399948120117,43.24399948120117,25512500,TSLA,43.800728,42.992000579833984,-0.2519989013671875,0.0
2016-05-27,44.99800109863281,45.18600082397461,44.150001525878906,44.608001708984375,44.608001708984375,18251500,TSLA,44.32603,43.93999862670899,0.0,0.6680030822753835
2016-06-07,44.448001861572266,46.88800048828125,44.30400085449219,46.46799850463867,46.46799850463867,31068000,TSLA,45.861202,40.358001708984375,0.0,6.109996795654297
2016-06-17,43.5620002746582,43.99800109863281,42.900001525878906,43.09400177001953,43.09400177001953,15563000,TSLA,46.440258,44.95600128173828,1.86199951171875,0.0
2016-06-24,38.0099983215332,39.02399826049805,37.94599914550781,38.630001068115234,38.630001068115234,35132500,TSLA,45.95465,45.25000000000001,6.619998931884773,0.0
2016-08-04,45.13800048828125,46.172000885009766,44.40999984741211,46.12200164794922,46.12200164794922,20735000,TSLA,49.27443,44.19200134277344,-1.9300003051757812,0.0
2016-08-09,45.36399841308594,46.30799865722656,45.33000183105469,45.816001892089844,45.816001892089844,11039000,TSLA,48.987953,42.268001556396484,-3.5480003356933594,0.0
2016-08-19,44.70800018310547,45.034000396728516,44.50600051879883,45.0,45.0,8297500,TSLA,48.626217,39.65999984741211,-5.340000152587891,0.0
2016-08-24,45.40999984741211,45.43000030517578,44.444000244140625,44.52399826049805,44.52399826049805,12853500,TSLA,49.22014,40.08399963378906,-4.439998626708984,0.0
2016-08-26,44.428001403808594,44.571998596191406,43.763999938964844,43.99800109863281,43.99800109863281,11195000,TSLA,49.090755,41.268001556396484,-2.729999542236328,0.0
2016-09-12,39.0,40.27399826049805,38.81999969482422,39.65999984741211,39.65999984741211,18576000,TSLA,42.83563,42.7400016784668,3.0800018310546875,0.0
2016-09-13,39.4119987487793,39.698001861572266,38.689998626708984,39.209999084472656,39.209999084472656,17947000,TSLA,42.10386,42.28200149536133,3.072002410888672,0.0
2016-09-19,41.400001525878906,41.88600158691406,41.0,41.268001556396484,41.268001556396484,11497500,TSLA,40.953358,40.189998626708984,0.0,1.0780029296875
2016-09-21,41.27399826049805,41.400001525878906,40.3120002746582,41.04399871826172,41.04399871826172,13167500,TSLA,41.48403,40.301998138427734,-0.7420005798339844,0.0
2016-09-22,41.279998779296875,41.45600128173828,40.599998474121094,41.2859992980957,41.2859992980957,11914500,TSLA,41.823982,40.04800033569336,-1.2379989624023438,0.0
2016-09-28,41.50199890136719,41.650001525878906,41.051998138427734,41.25400161743164,41.25400161743164,10442000,TSLA,43.362442,40.71200180053711,-0.5419998168945312,0.0
2016-10-04,42.619998931884766,42.66400146484375,41.763999938964844,42.28200149536133,42.28200149536133,17707500,TSLA,44.395203,40.467998504638665,-1.8140029907226634,0.0
2016-10-05,42.448001861572266,42.630001068115234,41.624000549316406,41.69200134277344,41.69200134277344,9387500,TSLA,44.50626,40.448001861572266,-1.2439994812011719,0.0
2016-10-10,40.27000045776367,40.827999114990234,39.93199920654297,40.189998626708984,40.189998626708984,16581500,TSLA,43.939987,39.54600143432617,-0.6439971923828125,0.0
2016-10-11,40.369998931884766,40.439998626708984,39.6619987487793,40.02000045776367,40.02000045776367,11642000,TSLA,43.500816,38.15800094604492,-1.86199951171875,0.0
2016-10-13,40.099998474121094,40.18000030517578,39.40999984741211,40.04800033569336,40.04800033569336,12473000,TSLA,42.705193,37.48400115966797,-2.5639991760253906,0.0
2016-10-18,39.198001861572266,39.89400100708008,38.652000427246094,39.81999969482422,39.81999969482422,28402500,TSLA,42.39632,38.987998962402344,-0.832000732421875,0.0
2016-10-19,39.948001861572266,41.332000732421875,39.61199951171875,40.71200180053711,40.71200180053711,34956000,TSLA,42.57088,38.012001037597656,-2.700000762939453,0.0
2016-10-20,40.42399978637695,40.599998474121094,39.40999984741211,39.81999969482422,39.81999969482422,25364500,TSLA,42.574326,37.06999969482422,-2.75,0.0
2016-10-31,40.49800109863281,40.49800109863281,39.1619987487793,39.54600143432617,39.54600143432617,23461500,TSLA,42.23304,36.90399932861328,-2.6420021057128906,0.0
2016-11-01,39.608001708984375,39.70000076293945,37.62200164794922,38.15800094604492,38.15800094604492,35300000,TSLA,41.870552,38.23400115966797,0.07600021362304688,0.0
2016-11-03,37.79999923706055,38.29399871826172,37.40800094604492,37.48400115966797,37.48400115966797,13265000,TSLA,40.11188,39.33000183105469,1.8460006713867188,0.0
2016-11-08,38.757999420166016,39.49800109863281,38.25199890136719,38.987998962402344,38.987998962402344,16338000,TSLA,38.281914,37.880001068115234,0.0,1.1079978942871094
2016-11-09,37.375999450683594,38.400001525878906,36.790000915527344,38.012001037597656,38.012001037597656,40865500,TSLA,38.258984,36.375999450683594,-1.6360015869140625,0.0
2016-11-11,36.847999572753906,37.7760009765625,36.599998474121094,37.71200180053711,37.71200180053711,19942500,TSLA,37.97788,37.36000061035156,-0.3520011901855469,0.0
2016-11-15,36.555999755859375,37.2859992980957,36.40999984741211,36.75400161743164,36.75400161743164,19510000,TSLA,37.30917,38.630001068115234,1.8759994506835938,0.0
2016-11-18,38.130001068115234,38.599998474121094,37.0,37.00400161743164,37.00400161743164,26051500,TSLA,36.425934,38.486000061035156,0.0,-1.4819984436035156
2016-11-29,39.11199951171875,39.34600067138672,37.900001525878906,37.91400146484375,37.91400146484375,22196500,TSLA,37.50901,41.75799942016602,0.0,-3.8439979553222727
2016-11-30,38.20000076293945,38.37799835205078,37.5,37.880001068115234,37.880001068115234,17735500,TSLA,37.70109,41.540000915527344,0.0,-3.6599998474121094
2016-12-09,38.17399978637695,38.768001556396484,38.1619987487793,38.43600082397461,38.43600082397461,13612500,TSLA,37.592556,43.39799880981445,0.0,-4.961997985839844
2016-12-13,38.63600158691406,40.25600051879883,38.599998474121094,39.630001068115234,39.630001068115234,34119500,TSLA,38.20988,45.349998474121094,0.0,-5.719997406005859
2016-12-16,39.61600112915039,40.518001556396484,39.52000045776367,40.49800109863281,40.49800109863281,18984500,TSLA,39.535137,45.9739990234375,0.0,-5.4759979248046875
2016-12-19,40.49800109863281,40.88999938964844,39.96799850463867,40.54600143432617,40.54600143432617,17440500,TSLA,39.915745,45.94599914550781,0.0,-5.399997711181641
2016-12-22,41.64400100708008,41.99800109863281,41.29999923706055,41.689998626708984,41.689998626708984,15555500,TSLA,41.525494,47.11600112915039,0.0,-5.426002502441406
2017-01-13,46.0,47.56999969482422,45.917999267578125,47.54999923706055,47.54999923706055,30465000,TSLA,46.59854,51.554000854492195,0.0,-4.004001617431648
2017-01-18,47.33000183105469,47.94200134277344,47.11600112915039,47.672000885009766,47.672000885009766,18845000,TSLA,47.493156,52.41600036621093,0.0,-4.743999481201165
2017-02-06,50.20000076293945,51.56399917602539,50.125999450683594,51.55400085449219,51.55400085449219,17812500,TSLA,53.280994,49.99800109863281,-1.555999755859375,0.0
2017-02-07,51.63800048828125,52.0,51.284000396728516,51.49599838256836,51.49599838256836,21224000,TSLA,53.763596,50.00400161743164,-1.4919967651367188,0.0
2017-02-22,56.0620002746582,56.689998626708984,54.52000045776367,54.70199966430664,54.70199966430664,43775000,TSLA,59.84041,51.145999908447266,-3.555999755859375,0.0
2017-03-03,50.14799880981445,50.380001068115234,49.79999923706055,50.31399917602539,50.31399917602539,14597000,TSLA,51.94225,52.63199996948242,2.3180007934570312,0.0
2017-03-06,49.582000732421875,50.34000015258789,49.50199890136719,50.242000579833984,50.242000579833984,16777500,TSLA,50.922012,54.04399871826172,3.8019981384277344,0.0
2017-03-10,49.242000579833984,49.29999923706055,48.599998474121094,48.737998962402344,48.737998962402344,15331500,TSLA,50.242184,55.65999984741211,6.922000885009766,0.0
2017-03-13,48.9640007019043,49.369998931884766,48.555999755859375,49.23400115966797,49.23400115966797,15113000,TSLA,50.42813,59.70399856567383,10.46999740600586,0.0
2017-03-16,52.47999954223633,53.150001525878906,51.8120002746582,52.40999984741211,52.40999984741211,35661000,TSLA,53.00845,59.740001678466804,7.330001831054695,0.0
2017-03-27,52.119998931884766,54.11399841308594,51.95000076293945,54.04399871826172,54.04399871826172,31154000,TSLA,54.996628,60.04999923706055,6.006000518798828,0.0
2017-03-31,55.74599838256836,55.93600082397461,55.263999938964844,55.65999984741211,55.65999984741211,16473000,TSLA,57.37843,61.60599899291992,5.9459991455078125,0.0
2017-04-03,57.380001068115234,59.79999923706055,56.91600036621094,59.70399856567383,59.70399856567383,69443000,TSLA,58.837574,62.757999420166016,0.0,-3.0540008544921875
2017-04-10,61.83000183105469,62.74599838256836,61.742000579833984,62.47800064086914,62.47800064086914,38322500,TSLA,63.16343,63.77799987792969,1.2999992370605469,0.0
2017-04-12,61.268001556396484,61.689998626708984,59.263999938964844,59.36800003051758,59.36800003051758,30253500,TSLA,64.0577,59.09199905395507,-0.2760009765625071,0.0
2017-04-21,60.400001525878906,61.279998779296875,60.08399963378906,61.119998931884766,61.119998931884766,22549000,TSLA,64.494835,64.96199798583984,3.841999053955078,0.0
2017-04-27,62.3380012512207,62.61800003051758,61.5,61.72600173950195,61.72600173950195,17343000,TSLA,66.35538,62.61199951171875,0.8859977722167969,0.0
2017-05-15,63.67599868774414,64.04000091552734,62.50600051879883,63.17599868774414,63.17599868774414,38110000,TSLA,67.81107,70.56999969482422,7.394001007080078,0.0
2017-05-25,62.20399856567383,63.39400100708008,61.5620002746582,63.36600112915039,63.36600112915039,25070000,TSLA,67.157425,74.27999877929688,10.913997650146484,0.0
2017-05-31,67.53800201416016,68.5780029296875,67.03199768066406,68.2020034790039,68.2020034790039,49817000,TSLA,70.02631,75.27999877929688,7.077995300292969,0.0
2017-06-05,67.69999694824219,69.68800354003906,66.84200286865234,69.46399688720703,69.46399688720703,33922000,TSLA,72.75628,75.49800109863281,6.034004211425781,0.0
2017-06-15,74.5,75.09200286865234,73.2979965209961,75.06800079345703,75.06800079345703,52132500,TSLA,79.77212,62.64400100708008,-12.423999786376953,0.0
2017-07-03,74.0479965209961,74.2699966430664,70.30000305175781,70.52400207519531,70.52400207519531,31527000,TSLA,80.28468,67.91999816894531,-2.60400390625,0.0
2017-07-07,62.70000076293945,63.400001525878906,61.47600173950195,62.64400100708008,62.64400100708008,70884500,TSLA,78.48252,67.01399993896484,4.369998931884766,0.0
2017-07-11,63.20000076293945,65.45600128173828,62.86000061035156,65.44400024414062,65.44400024414062,57797000,TSLA,74.26265,63.91400146484374,-1.529998779296882,0.0
2017-07-17,65.10800170898438,65.41999816894531,62.689998626708984,63.91400146484375,63.91400146484375,49384500,TSLA,67.06283,71.03399658203125,7.1199951171875,0.0
2017-07-25,69.0,69.12000274658203,66.83000183105469,67.91999816894531,67.91999816894531,34946000,TSLA,67.24622,72.46600341796875,0.0,-4.5460052490234375
2017-07-26,68.0719985961914,69.0999984741211,67.6240005493164,68.7699966430664,68.7699966430664,24104000,TSLA,68.29693,72.58200073242188,0.0,-3.8120040893554688
2017-07-27,69.19999694824219,69.5,65.25800323486328,66.89199829101562,66.89199829101562,41512000,TSLA,69.4719,70.38400268554688,3.49200439453125,0.0
2017-07-28,67.37799835205078,67.91999816894531,66.50199890136719,67.01399993896484,67.01399993896484,24402000,TSLA,70.28886,69.49199676513672,2.477996826171875,0.0
2017-08-07,71.47000122070312,71.89600372314453,70.55000305175781,71.03399658203125,71.03399658203125,31622500,TSLA,73.559425,69.13200378417969,-1.9019927978515625,0.0
2017-08-08,71.50599670410156,73.71600341796875,71.4800033569336,73.04399871826172,73.04399871826172,37249000,TSLA,73.99246,69.47200012207031,-3.5719985961914062,0.0
2017-08-11,71.39399719238281,72.25199890136719,70.7239990234375,71.5739974975586,71.5739974975586,21829000,TSLA,75.1399,71.08000183105469,-0.49399566650390625,0.0
2017-08-14,72.9260025024414,73.53199768066406,72.5199966430664,72.76000213623047,72.76000213623047,22596000,TSLA,75.459854,69.91799926757812,-2.8420028686523438,0.0
2017-08-23,67.7979965209961,70.697998046875,67.66000366210938,70.55400085449219,70.55400085449219,24772500,TSLA,77.24034,75.52799987792969,4.9739990234375,0.0
2017-08-25,70.8479995727539,71.13800048828125,69.45999908447266,69.61000061035156,69.61000061035156,17420000,TSLA,77.3431,77.0,7.3899993896484375,0.0
2017-08-29,67.89600372314453,69.80999755859375,67.75,69.47200012207031,69.47200012207031,20368500,TSLA,77.26603,74.78199768066406,5.30999755859375,0.0
2017-09-11,70.2699966430664,72.74199676513672,70.0,72.73799896240234,72.73799896240234,38335500,TSLA,79.363945,68.30599975585938,-4.431999206542969,0.0
2017-09-14,72.86599731445312,75.59200286865234,72.5260009765625,75.52799987792969,75.52799987792969,36012500,TSLA,81.30735,71.06600189208984,-4.461997985839844,0.0
2017-09-15,74.9020004272461,76.0,74.54000091552734,75.96199798583984,75.96199798583984,27102500,TSLA,82.0695,71.3759994506836,-4.58599853515625,0.0
2017-09-22,73.2979965209961,73.9800033569336,70.1760025024414,70.21800231933594,70.21800231933594,40797000,TSLA,84.03119,71.11399841308594,0.89599609375,0.0
2017-09-28,67.97599792480469,68.55000305175781,67.08000183105469,67.91999816894531,67.91999816894531,26598000,TSLA,80.28526,70.36199951171875,2.4420013427734375,0.0
2017-10-04,70.25,71.7239990234375,69.91999816894531,71.00199890136719,71.00199890136719,40817500,TSLA,77.2363,65.16799926757812,-5.8339996337890625,0.0
2017-10-12,70.58999633789062,71.95600128173828,70.52799987792969,71.13600158691406,71.13600158691406,20435000,TSLA,77.06083,59.85200119018555,-11.284000396728516,0.0
2017-10-31,64.0459976196289,66.38999938964844,64.03600311279297,66.30599975585938,66.30599975585938,28361500,TSLA,74.35438,63.5620002746582,-2.743999481201172,0.0
2017-11-06,61.400001525878906,61.5,59.801998138427734,60.555999755859375,60.555999755859375,32430000,TSLA,71.26076,63.5099983215332,2.953998565673828,0.0
2017-11-24,62.757999420166016,63.28200149536133,62.20000076293945,63.11000061035156,63.11000061035156,16220500,TSLA,66.874886,68.69000244140625,5.5800018310546875,0.0
2017-11-27,62.650001525878906,63.46799850463867,61.902000427246094,63.36199951171875,63.36199951171875,22779500,TSLA,66.64561,67.77400207519531,4.4120025634765625,0.0
2017-11-29,63.459999084472656,63.599998474121094,60.24599838256836,61.507999420166016,61.507999420166016,43837000,TSLA,66.945854,65.7959976196289,4.287998199462891,0.0
2017-11-30,61.71200180053711,62.13999938964844,60.90800094604492,61.77000045776367,61.77000045776367,21758000,TSLA,66.968704,66.33200073242188,4.562000274658203,0.0
2017-12-07,62.400001525878906,63.72600173950195,62.209999084472656,62.24800109863281,62.24800109863281,23903000,TSLA,66.78308,62.27000045776367,0.021999359130859375,0.0
2017-12-22,65.9020004272461,66.18399810791016,64.96399688720703,65.04000091552734,65.04000091552734,21079000,TSLA,73.03928,69.43199920654297,4.391998291015625,0.0
2017-12-26,64.76599884033203,64.78800201416016,63.316001892089844,63.45800018310547,63.45800018310547,21892000,TSLA,72.54519,68.91400146484375,5.456001281738281,0.0
2018-01-03,64.19999694824219,65.05000305175781,63.11000061035156,63.45000076293945,63.45000076293945,22607500,TSLA,70.04766,67.52799987792969,4.077999114990234,0.0
2018-01-05,63.32400131225586,63.448001861572266,62.400001525878906,63.316001892089844,63.316001892089844,22956000,TSLA,70.29577,69.90599822998047,6.589996337890625,0.0
2018-01-17,68.09400177001953,69.80000305175781,67.94999694824219,69.43199920654297,69.43199920654297,35517500,TSLA,73.32914,69.0,-0.43199920654296875,0.0
2018-02-06,65.04199981689453,67.24400329589844,64.69999694824219,66.79399871826172,66.79399871826172,25442000,TSLA,76.36343,68.61199951171875,1.8180007934570312,0.0
2018-02-27,71.25,71.99800109863281,70.00199890136719,70.197998046875,70.197998046875,23987000,TSLA,74.64099,62.11000061035156,-8.087997436523438,0.0
2018-03-05,66.47799682617188,67.55000305175781,65.85800170898438,66.66999816894531,66.66999816894531,19119000,TSLA,75.893875,60.83599853515625,-5.8339996337890625,0.0
2018-03-07,65.08799743652344,66.5,64.3479995727539,66.45999908447266,66.45999908447266,25036500,TSLA,74.938484,51.55599975585937,-14.903999328613288,0.0
2018-03-15,65.8759994506836,66.56999969482422,64.22000122070312,65.12000274658203,65.12000274658203,32824000,TSLA,74.39085,59.86000061035156,-5.260002136230469,0.0
2018-03-20,62.9739990234375,63.25,61.75199890136719,62.11000061035156,62.11000061035156,23821500,TSLA,72.421524,60.18600082397461,-1.9239997863769531,0.0
2018-04-04,50.555999755859375,57.67399978637695,50.400001525878906,57.38800048828125,57.38800048828125,99483500,TSLA,60.69542,56.13800048828126,-1.249999999999993,0.0
2018-04-20,59.034000396728516,59.99599838256836,57.95000076293945,58.04800033569336,58.04800033569336,28139500,TSLA,55.906834,60.21200180053711,0.0,-2.16400146484375
2018-04-23,58.257999420166016,58.32400131225586,56.465999603271484,56.67399978637695,56.67399978637695,24467000,TSLA,56.49109,58.39400100708008,0.0,-1.720001220703125
2018-04-24,57.0,57.417999267578125,55.69200134277344,56.69200134277344,56.69200134277344,28426500,TSLA,57.013332,56.83599853515625,0.1439971923828125,0.0
2018-04-30,58.72200012207031,59.74599838256836,58.5,58.779998779296875,58.779998779296875,21141000,TSLA,58.798084,56.89799880981445,-1.8819999694824219,0.0
2018-05-03,55.757999420166016,57.608001708984375,55.04600143432617,56.88999938964844,56.88999938964844,86760500,TSLA,62.54209,55.56999969482422,-1.3199996948242188,0.0
2018-05-10,61.5,62.597999572753906,60.821998596191406,61.00400161743164,61.00400161743164,28258000,TSLA,63.373135,58.36399841308594,-2.640003204345703,0.0
2018-05-15,57.00199890136719,57.391998291015625,56.099998474121094,56.83599853515625,56.83599853515625,47596000,TSLA,63.15809,63.900001525878906,7.064002990722656,0.0
2018-05-23,55.551998138427734,55.981998443603516,54.79999923706055,55.81399917602539,55.81399917602539,29925500,TSLA,60.61815,71.54399871826172,15.729999542236328,0.0
2018-06-08,63.79999923706055,64.89600372314453,63.43000030517578,63.53200149536133,63.53200149536133,41026000,TSLA,65.52667,68.58999633789062,5.057994842529297,0.0
2018-06-13,69.34200286865234,69.44000244140625,67.95999908447266,68.95600128173828,68.95600128173828,47349000,TSLA,69.782524,61.83200073242188,-7.124000549316399,0.0
2018-06-20,71.60800170898438,72.8759994506836,70.4000015258789,72.44400024414062,72.44400024414062,41918500,TSLA,72.603,63.34199905395508,-9.102001190185547,0.0
2018-06-21,72.4000015258789,73.24199676513672,69.25399780273438,69.50199890136719,69.50199890136719,39835500,TSLA,72.58511,63.77399826049805,-5.728000640869141,0.0
2018-06-22,70.30799865722656,70.44999694824219,66.4000015258789,66.72599792480469,66.72599792480469,51330500,TSLA,72.407196,62.02000045776367,-4.705997467041016,0.0
2018-06-27,69.0,70.15799713134766,67.9000015258789,68.9000015258789,68.9000015258789,41668500,TSLA,70.76633,64.0459976196289,-4.85400390625,0.0
2018-06-29,70.66600036621094,70.77200317382812,68.48200225830078,68.58999633789062,68.58999633789062,32462000,TSLA,71.07606,60.63999938964844,-7.9499969482421875,0.0
2018-07-02,72.01399993896484,72.95600128173828,65.97000122070312,67.01399993896484,67.01399993896484,93799000,TSLA,72.21996,59.486000061035156,-7.5279998779296875,0.0
2018-07-03,66.3499984741211,66.49800109863281,61.9379997253418,62.172000885009766,62.172000885009766,61413000,TSLA,72.52527,61.74800109863281,-0.4239997863769531,0.0
2018-07-10,64.91200256347656,65.53600311279297,63.84000015258789,64.49400329589844,64.49400329589844,47357500,TSLA,67.881905,59.62799835205078,-4.866004943847656,0.0
2018-07-20,64.24600219726562,64.64800262451172,62.34199905395508,62.715999603271484,62.715999603271484,25811000,TSLA,65.213066,71.0979995727539,8.381999969482422,0.0
2018-08-01,59.597999572753906,60.599998474121094,58.599998474121094,60.167999267578125,60.167999267578125,50647000,TSLA,63.894505,64.3280029296875,4.160003662109375,0.0
2018-08-02,65.68800354003906,69.99800109863281,64.63200378417969,69.90799713134766,69.90799713134766,116075000,TSLA,65.798706,64.0199966430664,0.0,5.88800048828125
2018-08-09,73.11000061035156,73.4020004272461,69.14600372314453,70.48999786376953,70.48999786376953,85919000,TSLA,75.58951,60.630001068115234,-9.859996795654297,0.0
2018-08-15,68.38200378417969,68.89800262451172,66.4280014038086,67.73799896240234,67.73799896240234,45506500,TSLA,70.60941,56.18999862670898,-11.548000335693366,0.0
2018-08-24,64.13999938964844,64.7699966430664,63.880001068115234,64.56400299072266,64.56400299072266,18013000,TSLA,62.405136,58.96799850463867,0.0,5.596004486083984
2018-08-30,60.45199966430664,60.91999816894531,59.54399871826172,60.630001068115234,60.630001068115234,36083500,TSLA,62.34685,59.81999969482422,-0.8100013732910156,0.0
2018-09-05,57.0099983215332,57.35599899291992,55.43600082397461,56.14799880981445,56.14799880981445,38604000,TSLA,61.496796,61.91600036621094,5.768001556396484,0.0
2018-09-13,57.604000091552734,59.0,57.0359992980957,57.891998291015625,57.891998291015625,31701500,TSLA,58.247578,56.36600112915039,-1.5259971618652344,0.0
2018-09-20,60.71200180053711,61.19599914550781,58.66600036621094,59.66600036621094,59.66600036621094,36747000,TSLA,57.964638,50.44599914550781,0.0,9.220001220703125
2018-09-21,59.540000915527344,60.11600112915039,59.07400131225586,59.81999969482422,59.81999969482422,25252500,TSLA,58.033886,51.75600051879883,0.0,8.06399917602539
2018-09-28,54.051998138427734,55.599998474121094,52.11199951171875,52.95399856567383,52.95399856567383,168248500,TSLA,62.448475,52.0,-0.9539985656738281,0.0
2018-10-01,61.15399932861328,62.28799819946289,60.209999084472656,62.13999938964844,62.13999938964844,108888000,TSLA,64.23748,52.189998626708984,-9.950000762939453,0.0
2018-10-03,60.66600036621094,60.91999816894531,58.31399917602539,58.959999084472656,58.959999084472656,39975000,TSLA,63.696777,57.700000762939446,-1.2599983215332102,0.0
2018-10-04,58.790000915527344,58.79999923706055,55.534000396728516,56.36600112915039,56.36600112915039,49071000,TSLA,62.117725,62.97200012207031,6.605998992919922,0.0
2018-10-09,51.04999923706055,53.354000091552734,50.65999984741211,52.560001373291016,52.560001373291016,60303000,TSLA,56.27771,65.9800033569336,13.420001983642578,0.0
2018-10-17,56.47999954223633,56.540000915527344,53.15999984741211,54.35599899291992,54.35599899291992,43277500,TSLA,48.1491,69.63200378417969,0.0,-15.276004791259766
2018-10-23,52.77399826049805,59.58599853515625,52.41999816894531,58.827999114990234,58.827999114990234,95139000,TSLA,50.89041,67.74600219726562,0.0,-8.91800308227539
2018-11-09,69.80000305175781,70.80000305175781,69.0459976196289,70.10199737548828,70.10199737548828,25494000,TSLA,66.96914,71.697998046875,0.0,-1.5960006713867188
2018-11-12,69.67400360107422,69.95600128173828,66.06800079345703,66.25599670410156,66.25599670410156,34707500,TSLA,68.10272,71.94000244140625,5.6840057373046875,0.0
2018-11-19,71.26799774169922,73.3499984741211,70.57599639892578,70.69400024414062,70.69400024414062,48544500,TSLA,73.0688,73.31999969482422,2.6259994506835938,0.0
2018-11-30,68.36599731445312,70.31999969482422,67.6520004272461,70.09600067138672,70.09600067138672,28145500,TSLA,74.40504,59.077999114990234,-11.018001556396484,0.0
2018-12-10,72.0,73.19599914550781,70.6240005493164,73.02999877929688,73.02999877929688,33067500,TSLA,79.04066,62.023998260498054,-11.006000518798821,0.0
2018-12-13,74.02999877929688,75.48799896240234,73.3499984741211,75.35800170898438,75.35800170898438,36829500,TSLA,79.92971,66.99199676513672,-8.366004943847656,0.0
2018-12-19,67.5199966430664,69.4020004272461,65.947998046875,66.59400177001953,66.59400177001953,41371000,TSLA,79.122314,69.4520034790039,2.858001708984375,0.0
2018-12-31,67.55799865722656,67.84200286865234,65.052001953125,66.55999755859375,66.55999755859375,31511500,TSLA,70.112404,57.51800155639649,-9.041996002197259,0.0
2019-01-10,66.87999725341797,69.0780029296875,66.35800170898438,68.99400329589844,68.99400329589844,30282000,TSLA,68.61844,62.442001342773445,0.0,6.552001953124993
2019-01-23,58.5,58.900001525878906,56.3380012512207,57.518001556396484,57.518001556396484,62650000,TSLA,72.9249,61.63399887084962,4.115997314453132,0.0
2019-01-24,56.60599899291992,58.736000061035156,55.85599899291992,58.301998138427734,58.301998138427734,40061000,TSLA,70.82154,60.75400161743164,2.4520034790039062,0.0
2019-02-07,62.65999984741211,62.939998626708984,60.599998474121094,61.50199890136719,61.50199890136719,32603000,TSLA,63.369038,58.95800018310547,-2.5439987182617188,0.0
2019-02-15,60.900001525878906,61.599998474121094,60.779998779296875,61.57600021362305,61.57600021362305,19524500,TSLA,64.92096,58.183998107910156,-3.3920021057128906,0.0
2019-02-21,60.36199951171875,60.64799880981445,58.099998474121094,58.24599838256836,58.24599838256836,44546000,TSLA,65.61267,57.992000579833984,-0.253997802734375,0.0
2019-02-27,60.35599899291992,63.2599983215332,60.11000061035156,62.948001861572266,62.948001861572266,55919500,TSLA,65.730156,54.720001220703125,-8.22800064086914,0.0
2019-03-06,55.29600143432617,56.301998138427734,54.87799835205078,55.24800109863281,55.24800109863281,51677500,TSLA,65.11798,54.965999603271484,-0.2820014953613281,0.0
2019-03-11,56.70399856567383,58.25600051879883,56.099998474121094,58.183998107910156,58.183998107910156,36961500,TSLA,57.97441,57.83599853515625,0.0,0.34799957275390625
2019-03-13,56.779998779296875,58.39799880981445,56.540000915527344,57.79199981689453,57.79199981689453,34223500,TSLA,55.229454,58.36199951171875,0.0,-0.5699996948242188
2019-03-28,55.43199920654297,56.066001892089844,55.02000045776367,55.7239990234375,55.7239990234375,33870500,TSLA,53.28798,54.652000427246094,0.0,1.0719985961914062
2019-03-29,55.7400016784668,56.03200149536133,54.900001525878906,55.97200012207031,55.97200012207031,29956500,TSLA,53.493824,52.54999923706055,0.0,3.4220008850097656
2019-04-08,55.53799819946289,56.231998443603516,54.0880012512207,54.63999938964844,54.63999938964844,52052000,TSLA,58.12549,47.737998962402344,-6.902000427246094,0.0
2019-04-12,54.04399871826172,54.38999938964844,53.36600112915039,53.540000915527344,53.540000915527344,33730000,TSLA,54.642754,51.06800079345703,-2.4720001220703125,0.0
2019-05-03,48.77199935913086,51.321998596191406,48.698001861572266,51.00600051879883,51.00600051879883,118534000,TSLA,47.780083,38.125999450683594,0.0,12.880001068115234
2019-05-10,47.95000076293945,48.39799880981445,47.20399856567383,47.90399932861328,47.90399932861328,35041500,TSLA,41.642582,35.79399871826172,0.0,12.110000610351562
2019-05-17,44.391998291015625,44.448001861572266,41.784000396728516,42.20600128173828,42.20600128173828,88933500,TSLA,41.34433,42.57600021362305,0.0,-0.3699989318847656
2019-05-29,37.41999816894531,38.47800064086914,37.007999420166016,37.97200012207031,37.97200012207031,59843000,TSLA,34.182728,45.2859992980957,0.0,-7.313999176025391
2019-06-03,37.10200119018555,37.33599853515625,35.39799880981445,35.79399871826172,35.79399871826172,65322000,TSLA,28.290525,44.72800064086914,0.0,-8.934001922607422
2019-06-11,43.827999114990234,44.18000030517578,42.70000076293945,43.41999816894531,43.41999816894531,58267500,TSLA,31.185879,44.90999984741212,0.0,-1.490001678466804
2019-06-13,42.07600021362305,42.97999954223633,41.50199890136719,42.78200149536133,42.78200149536133,40841500,TSLA,32.318897,46.619998931884766,0.0,-3.8379974365234375
2019-06-18,45.74399948120117,46.948001861572266,44.512001037597656,44.948001861572266,44.948001861572266,63579000,TSLA,34.021004,47.784000396728516,0.0,-2.83599853515625
2019-06-24,44.64799880981445,45.172000885009766,44.20399856567383,44.72800064086914,44.72800064086914,28754000,TSLA,36.646202,50.47600173950195,0.0,-5.7480010986328125
2019-06-25,44.87799835205078,45.06800079345703,43.89799880981445,43.95199966430664,43.95199966430664,30910500,TSLA,37.018677,50.97200012207031,0.0,-7.020000457763672
2019-06-26,44.0620002746582,45.44599914550781,43.619998931884766,43.854000091552734,43.854000091552734,42536000,TSLA,37.60743,50.70800018310547,0.0,-6.854000091552734
2019-07-08,46.24800109863281,46.45000076293945,45.731998443603516,46.06800079345703,46.06800079345703,29402500,TSLA,43.40731,47.15399932861328,0.0,-1.08599853515625
2019-07-16,49.86000061035156,50.70600128173828,49.58599853515625,50.47600173950195,50.47600173950195,40745000,TSLA,46.81324,46.1500015258789,0.0,4.326000213623054
2019-07-19,51.13800048828125,51.992000579833984,50.92399978637695,51.63600158691406,51.63600158691406,35242000,TSLA,48.563545,47.001998901367195,0.0,4.634002685546868
2019-07-30,46.58000183105469,48.672000885009766,46.43600082397461,48.45199966430664,48.45199966430664,40545000,TSLA,49.04014,45.172000885009766,-3.279998779296875,0.0
2019-08-02,46.27000045776367,47.25400161743164,45.84600067138672,46.86800003051758,46.86800003051758,30682500,TSLA,45.977398,42.279998779296875,0.0,4.588001251220703
2019-08-12,46.597999572753906,47.15399932861328,45.75,45.801998138427734,45.801998138427734,23319500,TSLA,43.762383,45.00199890136719,0.0,0.7999992370605469
2019-08-28,42.737998962402344,43.45000076293945,42.46200180053711,43.11800003051758,43.11800003051758,16127500,TSLA,43.643917,49.31999969482422,6.201999664306641,0.0
2019-09-05,44.5,45.959999084472656,44.16999816894531,45.91600036621094,45.91600036621094,36976500,TSLA,44.734455,48.51200103759766,0.0,-2.596000671386726
2019-09-09,46.0,46.75199890136719,45.84600067138672,46.358001708984375,46.358001708984375,24013500,TSLA,45.123184,48.17399978637695,0.0,-1.8159980773925781
2019-09-11,47.47600173950195,49.63399887084961,47.20000076293945,49.41999816894531,49.41999816894531,50214000,TSLA,46.342445,48.625999450683594,0.0,0.7939987182617188
2019-09-16,49.20000076293945,49.486000061035156,48.23400115966797,48.5620002746582,48.5620002746582,23640500,TSLA,48.67767,47.54399871826172,-1.0180015563964844,0.0
2019-09-27,48.439998626708984,49.742000579833984,47.74599838256836,48.42599868774414,48.42599868774414,55582000,TSLA,50.569668,51.38999938964844,2.964000701904297,0.0
2019-09-30,48.599998474121094,48.79600143432617,47.22200012207031,48.17399978637695,48.17399978637695,29399000,TSLA,50.079224,50.70000076293945,2.5260009765625,0.0
2019-10-16,51.47800064086914,52.41999816894531,51.38399887084961,51.95000076293945,51.95000076293945,33420500,TSLA,48.581482,65.31600189208984,0.0,-13.36600112915039
2019-10-28,65.50800323486328,68.16799926757812,64.5199966430664,65.54199981689453,65.54199981689453,94351500,TSLA,61.116966,69.99800109863281,0.0,-4.456001281738281
2019-11-01,63.263999938964844,63.29600143432617,61.959999084472656,62.6619987487793,62.6619987487793,31919500,TSLA,61.189423,66.60800170898438,0.0,-3.946002960205078
2019-11-05,63.92399978637695,64.7020034790039,63.2239990234375,63.444000244140625,63.444000244140625,34717000,TSLA,60.418587,65.78399658203125,0.0,-2.339996337890625
2019-11-08,66.9000015258789,67.49199676513672,66.5,67.4280014038086,67.4280014038086,30346000,TSLA,63.098118,66.9739990234375,0.0,0.45400238037109375
2019-11-26,67.05400085449219,67.0999984741211,65.41999816894531,65.78399658203125,65.78399658203125,39737000,TSLA,75.688644,78.62999725341797,12.846000671386719,0.0
2019-11-27,66.2239990234375,66.78600311279297,65.71399688720703,66.25800323486328,66.25800323486328,27778000,TSLA,74.76464,80.80799865722655,14.549995422363267,0.0
2019-11-29,66.22200012207031,66.25199890136719,65.5,65.98799896240234,65.98799896240234,12328000,TSLA,73.36529,81.11799621582031,15.129997253417969,0.0
2019-12-04,67.55000305175781,67.5719985961914,66.56999969482422,66.60600280761719,66.60600280761719,27665000,TSLA,71.318474,86.18800354003905,19.58200073242186,0.0
2019-12-05,66.56600189208984,66.88400268554688,65.44999694824219,66.0739974975586,66.0739974975586,18623000,TSLA,70.99321,86.07599639892577,20.001998901367173,0.0
2019-12-09,67.31800079345703,68.88999938964844,67.01599884033203,67.90599822998047,67.90599822998047,45115500,TSLA,71.76127,83.66600036621091,15.76000213623044,0.0
2019-12-18,76.1259994506836,79.04399871826172,76.11599731445312,78.62999725341797,78.62999725341797,70605000,TSLA,80.10686,95.62999725341795,16.999999999999986,0.0
2019-12-26,85.58200073242188,86.69599914550781,85.2699966430664,86.18800354003906,86.18800354003906,53169500,TSLA,86.82954,102.0999984741211,15.911994934082031,0.0
2019-12-30,85.75800323486328,85.80000305175781,81.85199737548828,82.94000244140625,82.94000244140625,62932000,TSLA,88.425934,113.91200256347655,30.9720001220703,0.0
2020-01-13,98.69999694824219,105.1259994506836,98.4000015258789,104.97200012207031,104.97200012207031,132588000,TSLA,102.87969,177.41200256347656,0.0,-72.44000244140625
2020-01-17,101.52200317382812,103.13400268554688,100.63200378417969,102.0999984741211,102.0999984741211,68145500,TSLA,106.30487,154.25599670410156,52.15599822998047,0.0
2020-01-21,106.05000305175781,109.71600341796875,105.68199920654297,109.44000244140625,109.44000244140625,89017500,TSLA,106.24441,154.8760070800781,0.0,-45.43600463867185
2020-01-29,115.13800048828125,117.95999908447266,113.48600006103516,116.197998046875,116.197998046875,89007500,TSLA,113.816734,179.8820037841797,0.0,-63.68400573730469
2020-02-12,155.57400512695312,157.9499969482422,152.6739959716797,153.45799255371094,153.45799255371094,60112500,TSLA,155.76343,144.90800476074216,-8.549987792968778,0.0
2020-02-13,148.3679962158203,163.60000610351562,147.0,160.8000030517578,160.8000030517578,131446500,TSLA,155.92824,140.6959991455078,0.0,20.10400390625
2020-02-24,167.8000030517578,172.6999969482422,164.44000244140625,166.75799560546875,166.75799560546875,75961000,TSLA,179.62961,89.01399993896482,-77.74399566650393,0.0
2020-03-18,77.80000305175781,80.97200012207031,70.10199737548828,72.24400329589844,72.24400329589844,118931000,TSLA,120.67533,109.76799774169922,37.52399444580078,0.0
2020-04-03,101.9000015258789,103.0979995727539,93.6780014038086,96.00199890136719,96.00199890136719,112810500,TSLA,99.917725,159.75,63.74800109863281,0.0
2020-04-13,118.03199768066406,130.39999389648438,116.10600280761719,130.19000244140625,130.19000244140625,112377000,TSLA,110.938324,152.23800659179688,0.0,-22.048004150390625
2020-04-23,145.52000427246094,146.8000030517578,140.62600708007812,141.12600708007812,141.12600708007812,66183500,TSLA,153.23676,160.66600036621094,19.539993286132812,0.0
2020-04-28,159.1280059814453,161.0,151.33799743652344,153.82400512695312,153.82400512695312,76110000,TSLA,159.37431,161.6020050048828,7.7779998779296875,0.0
2020-04-30,171.03799438476562,173.96400451660156,152.6999969482422,156.37600708007812,156.37600708007812,142359500,TSLA,166.89523,165.52000427246094,9.143997192382812,0.0
2020-05-01,151.0,154.5540008544922,136.60800170898438,140.26400756835938,140.26400756835938,162659000,TSLA,169.82619,163.37600708007812,23.11199951171875,0.0
2020-05-05,157.95799255371094,159.78399658203125,152.43600463867188,153.64199829101562,153.64199829101562,84958500,TSLA,170.26366,164.04600524902344,10.404006958007812,0.0
2020-05-08,158.75399780273438,164.8000030517578,157.40199279785156,163.88400268554688,163.88400268554688,80432500,TSLA,169.25835,179.6199951171875,15.735992431640625,0.0
2020-05-11,158.1020050048828,164.8000030517578,157.0,162.25799560546875,162.25799560546875,82598000,TSLA,170.37517,176.31199645996094,14.054000854492188,0.0
2020-05-12,165.39999389648438,168.6580047607422,161.60000610351562,161.8820037841797,161.8820037841797,79534500,TSLA,172.15005,176.5919952392578,14.709991455078125,0.0
2020-05-14,156.0,160.6719970703125,152.8000030517578,160.66600036621094,160.66600036621094,68411000,TSLA,174.95152,177.1320037841797,16.46600341796875,0.0
2020-05-15,158.07000732421875,161.00999450683594,157.30999755859375,159.83399963378906,159.83399963378906,52592000,TSLA,175.37224,189.98399353027344,30.149993896484375,0.0
2020-05-19,163.03399658203125,164.41400146484375,161.21600341796875,161.6020050048828,161.6020050048828,48182500,TSLA,176.97221,205.00999450683594,43.407989501953125,0.0
2020-05-20,164.10000610351562,165.1999969482422,162.36000061035156,163.11199951171875,163.11199951171875,36546500,TSLA,177.78737,194.5679931640625,31.45599365234375,0.0
2020-05-26,166.89999389648438,166.9199981689453,163.14199829101562,163.7740020751953,163.7740020751953,40448500,TSLA,181.74829,196.42599487304688,32.65199279785156,0.0
2020-06-12,196.0,197.5959930419922,182.52000427246094,187.05599975585938,187.05599975585938,83817000,TSLA,216.15614,274.3160095214844,87.260009765625,0.0
2020-06-15,183.55799865722656,199.76800537109375,181.6999969482422,198.17999267578125,198.17999267578125,78486000,TSLA,218.40074,277.97198486328125,79.7919921875,0.0
2020-06-17,197.54200744628906,201.0,196.51400756835938,198.35800170898438,198.35800170898438,49454000,TSLA,221.60846,278.8559875488281,80.49798583984375,0.0
2020-06-23,199.7760009765625,202.39999389648438,198.802001953125,200.3560028076172,200.3560028076172,31826500,TSLA,225.38214,309.2019958496094,108.84599304199219,0.0
2020-06-25,190.85400390625,197.1959991455078,187.42999267578125,197.1959991455078,197.1959991455078,46272500,TSLA,226.15744,300.1679992675781,102.97200012207031,0.0
2020-07-08,281.0,283.4519958496094,262.26800537109375,273.1759948730469,273.1759948730469,81556500,TSLA,272.9926,299.8219909667969,0.0,-26.64599609375
2020-07-14,311.20001220703125,318.0,286.20001220703125,303.3599853515625,303.3599853515625,117090500,TSLA,318.1932,297.3999938964844,-5.959991455078125,0.0
2020-07-15,308.6000061035156,310.0,291.3999938964844,309.2019958496094,309.2019958496094,81839000,TSLA,325.9796,297.0039978027344,-12.197998046875,0.0
2020-08-07,299.9079895019531,299.95001220703125,283.00201416015625,290.5419921875,290.5419921875,44482000,TSLA,337.00302,442.67999267578125,152.13800048828125,0.0
2020-08-12,294.0,317.0,287.0,310.9519958496094,310.9519958496094,109147000,TSLA,335.93225,447.3699951171875,136.41799926757812,0.0
2020-08-26,412.0,433.20001220703125,410.72601318359375,430.6340026855469,430.6340026855469,71197000,TSLA,433.21652,423.4299926757812,-7.204010009765682,0.0
2020-08-27,436.0920104980469,459.1199951171875,428.5,447.75,447.75,118465000,TSLA,444.0409,442.1499938964844,0.0,5.600006103515625
2020-09-09,356.6000061035156,369.0,341.510009765625,366.2799987792969,366.2799987792969,79465800,TSLA,465.50543,429.010009765625,62.730010986328125,0.0
2020-09-17,415.6000061035156,437.7900085449219,408.0,423.42999267578125,423.42999267578125,76779200,TSLA,451.9429,425.9200134277344,2.490020751953125,0.0
2020-09-23,405.1600036621094,412.1499938964844,375.8800048828125,380.3599853515625,380.3599853515625,95074200,TSLA,469.7659,461.29998779296875,80.94000244140625,0.0
2020-09-29,416.0,428.5,411.6000061035156,419.07000732421875,419.07000732421875,50219300,TSLA,457.85733,421.94000244140625,2.8699951171875,0.0
2020-10-09,430.1300048828125,434.5899963378906,426.4599914550781,434.0,434.0,28925700,TSLA,473.0626,388.0400085449219,-45.959991455078125,0.0
2020-10-30,406.8999938964844,407.5899963378906,379.1099853515625,388.0400085449219,388.0400085449219,42511300,TSLA,472.39487,489.6099853515625,101.56997680664062,0.0
2020-11-03,409.7300109863281,427.7699890136719,406.69000244140625,423.8999938964844,423.8999938964844,34351700,TSLA,466.4285,555.3800048828125,131.48001098632812,0.0
2020-11-12,415.04998779296875,423.0,409.5199890136719,411.760009765625,411.760009765625,19855100,TSLA,474.36703,599.0399780273438,187.27996826171875,0.0
2020-11-24,540.4000244140625,559.989990234375,526.2000122070312,555.3800048828125,555.3800048828125,53648500,TSLA,527.5365,622.77001953125,0.0,-67.3900146484375
2020-11-25,550.0599975585938,574.0,545.3699951171875,574.0,574.0,48930200,TSLA,543.075,655.9000244140625,0.0,-81.9000244140625
2020-11-30,602.2100219726562,607.7999877929688,554.510009765625,567.5999755859375,567.5999755859375,63003100,TSLA,575.7696,649.8599853515625,82.260009765625,0.0
2020-12-10,574.3699951171875,627.75,566.3400268554688,627.0700073242188,627.0700073242188,67083200,TSLA,648.0894,729.77001953125,102.70001220703125,0.0
2020-12-14,619.0,642.75,610.2000122070312,639.8300170898438,639.8300170898438,52040600,TSLA,654.4367,755.97998046875,116.14996337890625,0.0
2020-12-18,668.9000244140625,695.0,628.5399780273438,695.0,695.0,222126200,TSLA,672.1112,849.4400024414062,0.0,-154.44000244140625
2020-12-21,666.239990234375,668.5,646.0700073242188,649.8599853515625,649.8599853515625,58045300,TSLA,678.1646,854.4099731445312,204.54998779296875,0.0
2021-01-11,849.4000244140625,854.4299926757812,803.6199951171875,811.1900024414062,811.1900024414062,59301600,TSLA,782.5973,872.7899780273436,0.0,-61.599975585937386
2021-01-15,852.0,859.9000244140625,819.0999755859375,826.1599731445312,826.1599731445312,38777600,TSLA,832.06134,863.4199829101564,37.260009765625114,0.0
2021-01-20,858.739990234375,859.5,837.280029296875,850.4500122070312,850.4500122070312,25665900,TSLA,842.05884,804.8200073242188,0.0,45.6300048828125
2021-01-26,891.3800048828125,895.9000244140625,871.5999755859375,883.0900268554688,883.0900268554688,23131600,TSLA,855.3735,798.1500244140625,0.0,84.94000244140625
2021-02-04,855.0,856.5,833.4199829101562,849.989990234375,849.989990234375,15812700,TSLA,852.5063,675.5000000000001,-174.4899902343749,0.0
2021-02-16,818.0,821.0,792.4400024414062,796.219970703125,796.219970703125,19802300,TSLA,841.4693,673.5800170898436,-122.63995361328136,0.0
2021-02-18,780.9000244140625,794.6900024414062,776.27001953125,787.3800048828125,787.3800048828125,17957100,TSLA,828.64417,699.5999755859376,-87.78002929687489,0.0
2021-02-23,662.1300048828125,713.6099853515625,619.0,698.8400268554688,698.8400268554688,66606900,TSLA,800.94165,676.8800048828125,-21.96002197265625,0.0
2021-03-17,656.8699951171875,703.72998046875,651.010009765625,701.8099975585938,701.8099975585938,40372500,TSLA,708.94775,683.7999877929688,-18.010009765625,0.0
2021-03-19,646.5999755859375,657.22998046875,624.6199951171875,654.8699951171875,654.8699951171875,42894000,TSLA,709.18524,701.97998046875,47.1099853515625,0.0
2021-04-06,690.2999877929688,696.5499877929688,681.3699951171875,691.6199951171875,691.6199951171875,28271800,TSLA,694.9153,704.739990234375,13.1199951171875,0.0
2021-04-12,685.7000122070312,704.7999877929688,682.0900268554688,701.97998046875,701.97998046875,29135700,TSLA,711.90546,684.9000244140625,-17.0799560546875,0.0
2021-04-19,719.5999755859375,725.4000244140625,691.7999877929688,714.6300048828125,714.6300048828125,39686200,TSLA,748.8381,629.0399780273438,-85.59002685546875,0.0
2021-04-22,741.5,753.77001953125,718.0399780273438,719.6900024414062,719.6900024414062,35590300,TSLA,753.9237,571.6900024414062,-148.0,0.0
2021-04-27,717.9600219726562,724.0,703.3499755859375,704.739990234375,704.739990234375,29437000,TSLA,756.0531,577.8699951171875,-126.8699951171875,0.0
2021-04-28,696.4099731445312,708.5,693.5999755859375,694.4000244140625,694.4000244140625,22271000,TSLA,753.4384,563.4600219726562,-130.94000244140625,0.0
2021-04-30,667.5900268554688,715.469970703125,666.1400146484375,709.4400024414062,709.4400024414062,40758700,TSLA,744.4198,580.8800048828125,-128.55999755859375,0.0
2021-05-07,665.7999877929688,690.0,660.219970703125,672.3699951171875,672.3699951171875,23469200,TSLA,721.2303,625.219970703125,-47.1500244140625,0.0
2021-05-21,596.1099853515625,596.6799926757812,580.0,580.8800048828125,580.8800048828125,26030600,TSLA,633.30365,617.6900024414062,36.80999755859375,0.0
2021-06-21,624.47998046875,631.3900146484375,608.8800048828125,620.8300170898438,620.8300170898438,24812700,TSLA,656.42053,668.5399780273438,47.7099609375,0.0
2021-07-28,647.0,654.969970703125,639.4000244140625,646.97998046875,646.97998046875,16006600,TSLA,692.91693,688.989990234375,42.010009765625,0.0
2021-08-03,719.0,722.6500244140625,701.010009765625,709.739990234375,709.739990234375,21620300,TSLA,710.4191,708.489990234375,-1.25,0.0
2021-08-16,705.0700073242188,709.5,676.4000244140625,686.1699829101562,686.1699829101562,22677400,TSLA,742.84546,752.9199829101562,66.75,0.0
2021-08-18,669.75,695.77001953125,669.3499755859375,688.989990234375,688.989990234375,20349400,TSLA,735.3319,754.8599853515625,65.8699951171875,0.0
2021-08-27,705.0,715.0,702.0999755859375,711.9199829101562,711.9199829101562,13833800,TSLA,733.30725,730.1699829101564,18.250000000000114,0.0
2021-09-22,743.530029296875,753.6699829101562,739.1199951171875,751.9400024414062,751.9400024414062,15126300,TSLA,772.76404,811.0800170898438,59.1400146484375,0.0
2021-10-14,815.489990234375,820.25,813.3499755859375,818.3200073242188,818.3200073242188,12247200,TSLA,813.5577,1229.9100341796873,0.0,-411.5900268554685
2021-10-18,851.7899780273438,875.260009765625,851.469970703125,870.1099853515625,870.1099853515625,24207200,TSLA,825.9086,1162.93994140625,0.0,-292.8299560546875
2021-10-25,950.530029296875,1045.02001953125,944.2000122070312,1024.8599853515625,1024.8599853515625,62852100,TSLA,874.39557,1013.3900146484376,0.0,11.469970703124886
2021-10-26,1024.68994140625,1094.93994140625,1001.4400024414062,1018.4299926757812,1018.4299926757812,62415000,TSLA,895.1025,1054.72998046875,0.0,-36.29998779296875
2021-11-03,1177.3299560546875,1215.3900146484375,1152.6199951171875,1213.8599853515625,1213.8599853515625,34628500,TSLA,1027.1364,1116.0,0.0,97.8599853515625
2021-11-04,1234.4100341796875,1243.489990234375,1217.0,1229.9100341796875,1229.9100341796875,25397400,TSLA,1047.6268,1081.9200439453125,0.0,147.989990234375
2021-11-08,1149.7900390625,1197.0,1133.0,1162.93994140625,1162.93994140625,33445700,TSLA,1075.4148,1144.760009765625,0.0,18.179931640625
2021-11-26,1099.469970703125,1108.780029296875,1081.0,1081.9200439453125,1081.9200439453125,11680900,TSLA,1037.2747,932.5700073242188,0.0,149.35003662109375
2021-12-07,1044.199951171875,1057.6700439453125,1026.81005859375,1051.75,1051.75,18694900,TSLA,1021.43427,1086.18994140625,0.0,-34.43994140625
2021-12-08,1052.7099609375,1072.3800048828125,1033.0,1068.9599609375,1068.9599609375,13968800,TSLA,1014.98535,1070.3399658203125,0.0,-1.3800048828125
2021-12-15,953.2100219726562,978.75,928.25,975.989990234375,975.989990234375,25056400,TSLA,972.4868,1064.699951171875,0.0,-88.7099609375
2022-01-05,1146.6500244140625,1170.3399658203125,1081.010009765625,1088.1199951171875,1088.1199951171875,26706600,TSLA,1035.8943,829.0999755859374,0.0,259.0200195312501
2022-01-11,1053.6700439453125,1075.8499755859375,1038.8199462890625,1064.4000244140625,1064.4000244140625,22021100,TSLA,1022.95294,905.6599731445312,0.0,158.74005126953125
2022-01-14,1019.8800048828125,1052.0,1013.3800048828125,1049.6099853515625,1049.6099853515625,24308100,TSLA,1015.03394,907.3400268554689,0.0,142.26995849609364
2022-01-21,996.3400268554688,1004.5499877929688,940.5,943.9000244140625,943.9000244140625,34472000,TSLA,990.7527,860.0,-83.9000244140625,0.0
2022-01-24,904.760009765625,933.510009765625,851.469970703125,930.0,930.0,50521900,TSLA,977.2447,875.760009765625,-54.239990234375,0.0
2022-01-26,952.4299926757812,987.6900024414062,906.0,937.4099731445312,937.4099731445312,34955800,TSLA,952.0615,923.3900146484375,-14.01995849609375,0.0
2022-01-27,933.3599853515625,935.3900146484375,829.0,829.0999755859375,829.0999755859375,49036500,TSLA,939.1481,876.3499755859375,47.25,0.0
2022-02-09,935.0,946.27001953125,920.0,932.0,932.0,17419800,TSLA,900.8592,839.2899780273438,0.0,92.71002197265625
2022-02-15,900.0,923.0,893.3800048828125,922.4299926757812,922.4299926757812,19095400,TSLA,896.1312,858.969970703125,0.0,63.46002197265625
2022-02-16,914.0499877929688,926.4299926757812,901.2100219726562,923.3900146484375,923.3900146484375,17098100,TSLA,896.2173,838.2999877929688,0.0,85.09002685546875
2022-02-23,830.4299926757812,835.2999877929688,760.5599975585938,764.0399780273438,764.0399780273438,31752300,TSLA,875.4199,840.22998046875,76.19000244140625,0.0
2022-02-25,809.22998046875,819.5,782.4000244140625,809.8699951171875,809.8699951171875,25355900,TSLA,848.247,905.3900146484375,95.52001953125,0.0
2022-03-04,849.0999755859375,855.6500244140625,825.1599731445312,838.2899780273438,838.2899780273438,22333200,TSLA,849.69934,1010.6400146484375,172.35003662109375,0.0
2022-03-21,914.97998046875,942.8499755859375,907.0900268554688,921.1599731445312,921.1599731445312,27327200,TSLA,847.56244,975.9299926757812,0.0,-54.77001953125
2022-03-30,1091.1700439453125,1113.949951171875,1084.0,1093.989990234375,1093.989990234375,19955000,TSLA,976.90015,1008.780029296875,0.0,85.2099609375
2022-04-05,1136.300048828125,1152.8699951171875,1087.300048828125,1091.260009765625,1091.260009765625,26691700,TSLA,1021.1735,881.510009765625,0.0,209.75
2022-05-03,903.1799926757812,924.0800170898438,888.5900268554688,909.25,909.25,21236500,TSLA,909.59033,628.1599731445312,-281.09002685546875,0.0
